Area_Year,9_Postsecondary enrolments,"2_Number of students in elementary and secondary schools_Total, school type Total, program type",3_Number of full-time and part-time educators,"1_Live births_Total, Canada and place of residence of mother outside Canada 10 11",6_Estimates of population,7_Dependency ratio,4_Canada_gdp_yearly_Final consumption expenditure,4_Canada_gdp_yearly_Gross fixed capital formation,4_Canada_gdp_yearly_Investment in inventories,4_Canada_gdp_yearly_Exports of goods and services,4_Canada_gdp_yearly_Less: imports of goods and services,4_Canada_gdp_yearly_Statistical discrepancy,4_Canada_gdp_yearly_Gross domestic product at market prices,4_Canada_gdp_yearly_Final domestic demand
Alberta_1991,118821,609235.8,17746.2,42897,1734901.2,67.36,84627,26750,657,69081,41821,999,150229,112838
Alberta_1992,118821,609235.8,17746.2,42125,2332418.2,66.1,85453,26318,-1343,74451,42262,-156,151229,113262
Alberta_1993,114048,592989.6,17268.6,40368,2123927,66.34,86694,29127,759,80334,43932,-53,162978,117252
Alberta_1994,112911,592989.6,22193.4,39941,2923806.2,62.78,87650,33530,-244,85934,46050,1540,172000,122500
Alberta_1995,111546,576616.2,22193.4,38968,2923806.2,62.78,88733,33405,1393,90716,47988,1116,177278,123489
Alberta_1996,110937,576360.6,32338.8,37913,3337044,60.48,90569,35273,-106,99018,51638,350,181537,127185
Alberta_1997,114804,543969,37042.8,37027,3337044,60.48,95881,44736,1792,104276,60680,546,193931,141802
Alberta_1998,117555,532299,37671.6,37994,3186007.6,59.96,99926,49546,26,110817,63903,46,203479,150627
Alberta_1999,123612,543387,37671.6,38312,3186007.6,59.96,103400,47195,995,113727,66201,225,206002,151918
Alberta_2000,127764,546402,38470.2,37161,3186007.6,59.96,109056,55078,1276,123903,75890,187,218678,165298
Alberta_2001,143340,549633,38470.2,37749,3058108,61.6,113401,61262,-1922,123995,78411,-121,222271,175656
Alberta_2002,149145,548124,34761,38751,3128429,60.7,118171,60689,-2524,125135,78775,-81,227363,180089
Alberta_2003,158568,554397,37350,40340,3183065,59.9,121996,64836,1640,126128,84360,412,235234,187935
Alberta_2004,160107,552594,39390,40747,3238668,59.2,127383,71406,669,134562,90432,399,248322,199624
Alberta_2005,172563,550983,40293,42054,3321768,58.4,135755,87007,2961,134045,102250,76,259282,222857
Alberta_2006,175167,551742,40557,45096,3421434,57.5,145800,95815,1835,143920,113553,449,275756,241597
Alberta_2007,175491,599316,40542,48845,3514147,56.4,155026,97835,-1393,147734,119961,-299,280600,252928
Alberta_2008,174543,598386,42516,50563,3595856,55.7,160594,99417,-796,145123,120072,-108,285125,260091
Alberta_2009,176700,602031,45627,51508,3678996,55.1,160352,73829,-2097,143880,107920,-210,269322,234339
Alberta_2010,184575,605355,44781,50633,3732082,55.1,166158,90987,322,147441,122224,-343,282702,257217
Alberta_2011,188268,610896,44643,50845,3789030,55.3,172803,100906,1362,158195,132305,-305,300948,273737
Alberta_2012,189090,607722,44211,52452,3874548,55.6,178826,112250,577,164149,142790,-304,312708,291076
Alberta_2013,191619,626343,44391,53184,3981011,55.9,185565,124703,2048,173928,156033,-94,330548,310267
Alberta_2014,186600,645012,45123,55591,4083648,56,191420,130401,852,186783,159938,-63,350033,321825
Alberta_2015,184026,664296,46662,56749,4144491,56.9,193254,104527,-1815,184814,143811,-156,337069,297615
Alberta_2016,185679,678966,47289,55715,4196061,58,194981,84618,-1080,184137,136565,275,325421,279292
Alberta_2017,190947,692538,42622.8,53561,4241100,59.1,200620,85214,2006,194464,140741,-228,340062,285508
Alberta_2018,194010,707391,42622.8,52342,4298275,60,205167,84302,544,207617,147318,79,347593,289117
Alberta_2019,200391,717750,40872.6,51689,4362576,61,205538,78543,2130,209703,144968,-88,348005,283682
Alberta_2020,203823,729510,38529.6,48970,4420029,61.9,195800,67834,-3787,198641,134000,-6,320302,263217
Alberta_2021,203523,720681,36276,49844,4442879,62.9,203156,71887,-2127,206019,139342,-88,335550,274634
British Columbia_1991,148417.2,627341.4,22475.4,45758,2915348.4,63.52,103964,27259,-412,43018,47386,-353,126535,131680
British Columbia_1992,148417.2,627341.4,27162.6,46229,3523882.8,62.04,107469,28244,-406,45157,49588,-1348,130049,136186
British Columbia_1993,144663,609235.8,36338.4,46141,3903151,60.42,110549,28462,317,46950,49290,-1872,136155,139480
British Columbia_1994,145371,609235.8,36338.4,46960,3903151,60.42,114024,31456,707,50039,57258,-16,139733,146042
British Columbia_1995,147195,627341.4,36338.4,46889,3903151,60.42,116111,29815,602,53082,57974,755,143402,146436
British Columbia_1996,150033,627341.4,36338.4,46221,3903151,60.42,120169,29834,198,53351,57506,90,147052,150523
British Columbia_1997,154824,627341.4,36338.4,44634,3903151,60.42,123991,32310,903,55463,61586,-124,151968,156828
British Columbia_1998,161229,631446,36816,43067,4130741.8,59.88,125726,30104,256,56944,60891,569,153811,156401
British Columbia_1999,163533,629547,36816,41977,4130741.8,59.88,128421,30541,1033,61911,64595,201,159162,159552
British Columbia_2000,160305,628269,36816,40664,4130741.8,59.88,132591,31611,2132,67308,69598,48,166405,164808
British Columbia_2001,204180,624618,36816,40546,4076950,61,135724,34014,-399,66794,69764,-19,167541,170262
British Columbia_2002,222873,622827,37149,40120,4100564,60.4,140099,34333,572,67270,69848,132,174214,175025
British Columbia_2003,224991,613227,36564,40490,4124482,59.8,143766,36613,671,69226,73588,109,178240,180892
British Columbia_2004,229104,605538,36330,40542,4155651,59.3,148130,41740,741,72828,79354,5,185250,190151
British Columbia_2005,232230,596166,36888,40853,4196062,58.9,153275,46489,1311,76457,84079,-155,194460,199896
British Columbia_2006,236508,589380,37149,41783,4241794,58.7,160695,51255,1419,79417,90710,-84,203053,212006
British Columbia_2007,242394,645033,37119,43698,4290984,58.4,169126,52756,1349,81168,95697,-299,209419,221950
British Columbia_2008,244416,637557,36921,44373,4349336,58,174156,54232,84,78546,96459,-213,210903,228456
British Columbia_2009,244785,631644,36372,45121,4410506,57.8,174870,47954,-953,73286,89411,-131,205878,222820
British Columbia_2010,261339,628020,35958,43879,4465546,57.7,180074,50956,-946,79025,97377,-137,211749,231029
British Columbia_2011,268887,651609,36108,44205,4502104,58.1,183960,51459,742,82874,100829,-108,218203,235419
British Columbia_2012,273123,643686,36021,44170,4566769,58.3,187489,54486,600,85442,104682,-6,223329,241975
British Columbia_2013,273093,640899,35613,43893,4630077,58.5,191121,53147,1082,88297,105680,162,228310,244269
British Columbia_2014,276726,637089,35505,44479,4707103,58.7,195272,56695,826,94851,111054,-38,236696,251975
British Columbia_2015,271272,635643,35757,44383,4776388,59.3,202331,54920,184,94041,109916,-129,241509,257194
British Columbia_2016,273408,637284,36111,45397,4859250,59.9,208433,58031,-105,97054,115448,199,248262,266460
British Columbia_2017,277974,643410,35801.4,44773,4929384,60.7,217014,60751,1638,99738,121506,-76,257724,277778
British Columbia_2018,286914,650496,35801.4,43736,5010476,61.3,224201,62577,2810,103531,125933,-57,266882,286780
British Columbia_2019,295320,657372,35801.4,43676,5094796,61.6,228407,68783,2486,105851,131208,144,273941,297493
British Columbia_2020,297432,665676,35801.4,42384,5158728,62.3,224258,69682,-318,95976,123432,-56,265831,294349
British Columbia_2021,287523,661122,35801.4,44054,5214805,62.6,240664,77017,1683,99016,136118,10,282111,318273
Manitoba_1991,42307.2,157980,9682.2,17728,936596,60.74,32663,5458,-475,13627,14797,279,37004,38105
Manitoba_1992,42307.2,155628,9682.2,17073,936596,60.74,32676,5302,-520,14728,15047,-172,37272,37953
Manitoba_1993,43260,157410,9682.2,17155,936596,60.74,32918,5479,-365,14652,15643,37,37304,38378
Manitoba_1994,42675,171806.4,9711,16858,936596,60.74,33210,5642,380,16305,17107,79,38774,38839
Manitoba_1995,41058,171806.4,9778.8,16461,978548.2,62.88,33833,5875,227,16847,18248,132,38795,39704
Manitoba_1996,38379,185559,10695.6,15832,1022848.4,64.66,34124,6530,495,17755,19258,-26,39800,40683
Manitoba_1997,37797,192165.6,11666.4,14964,1068024.2,66.42,35156,7206,790,19556,21586,266,41525,42414
Manitoba_1998,37068,192312,14284.2,14871,1164646.4,69.46,35706,7336,-184,21830,21925,236,43381,43096
Manitoba_1999,37428,192630,14284.2,14769,1164646.4,69.46,36453,7666,436,22072,23008,59,43990,44182
Manitoba_2000,38241,197067,14284.2,14611,1164646.4,69.46,37344,7569,319,23467,23479,167,45856,44972
Manitoba_2001,40641,189912,14265,14468,1151454,71,38017,7989,-441,24145,23992,160,46346,46067
Manitoba_2002,43008,188907,14139,14335,1156680,70.2,39097,8026,-25,24181,24666,96,47142,47186
Manitoba_2003,44667,186891,14445,14393,1163596,69.5,40047,8218,958,24532,26301,10,47766,48331
Manitoba_2004,47931,186285,14280,14294,1173238,68.6,41109,8847,283,25557,27195,14,48948,50011
Manitoba_2005,49692,184353,14211,14581,1178264,68,42054,9128,24,26544,27925,119,50322,51233
Manitoba_2006,55452,182373,14250,15009,1183562,67.6,43057,10070,1193,27707,30029,-16,52166,53149
Manitoba_2007,50085,193761,14346,15698,1189451,67.3,44931,10900,205,30435,33312,5,53501,55841
Manitoba_2008,49305,193332,14322,15915,1197775,67.2,46847,11870,613,30328,34434,-4,55454,58720
Manitoba_2009,51300,192201,14334,16371,1208556,67.1,47314,11196,-278,30403,33574,-20,55370,58512
Manitoba_2010,54945,192381,14433,16255,1220780,66.8,48412,13010,-546,30793,35273,-51,56727,61418
Manitoba_2011,62001,192711,13065,16045,1233649,66.7,50006,12872,-304,31698,36597,-35,58087,62880
Manitoba_2012,60702,194148,13479,16800,1249975,66.9,51257,13570,896,32162,37998,-41,59846,64827
Manitoba_2013,61533,195171,13662,16914,1264620,67.1,52084,13668,1392,32310,38404,3,61583,65752
Manitoba_2014,62211,195432,13707,16984,1279014,67.3,52747,14184,507,33316,38465,-13,62853,66930
Manitoba_2015,61974,196341,13908,17134,1292227,67.7,53464,14306,289,32582,37583,-11,63628,67768
Manitoba_2016,63192,198132,14097,17400,1314139,68,54267,13721,221,32519,36750,-10,64549,67976
Manitoba_2017,62952,200226,13770.6,17500,1334790,68.4,55991,14308,409,33810,38407,-17,66670,70289
Manitoba_2018,62802,202545,13770.6,17542,1352825,69,57137,14192,485,34380,38784,15,68003,71313
Manitoba_2019,63363,204249,13770.6,17186,1369954,69.6,57852,13975,639,34987,39213,7,68813,71804
Manitoba_2020,65037,205908,13770.6,16908,1380648,70.1,55878,12767,-697,32832,35779,10,65763,68608
Manitoba_2021,63363,202089,13770.6,14561,1383765,70.3,59193,12838,-909,32733,37848,13,66917,71969
New Brunswick_1991,28404.6,103052.4,7746.6,9651,518832,56.9,20468,3599,-33,13699,16554,59,21546,24008
New Brunswick_1992,28404.6,103052.4,7746.6,9568,518832,56.9,20715,3370,-138,14826,16975,17,21842,23991
New Brunswick_1993,28029,106407.6,7746.6,9197,518832,56.9,21252,3242,-7,15558,17550,45,22523,24371
New Brunswick_1994,28350,101567.4,7746.6,9114,518832,56.9,21286,3158,-22,16682,17979,80,22983,24311
New Brunswick_1995,28386,108144.6,7746.6,8759,517289.2,56.3,21489,3467,-3,17647,18646,57,23762,24857
New Brunswick_1996,28650,116830.8,7666.8,8353,563357,56.88,21701,3746,-5,18292,19465,-35,24010,25378
New Brunswick_1997,28608,116830.8,7666.8,8101,564067,56.72,22050,3485,229,18666,20157,118,24232,25428
New Brunswick_1998,27957,131586,7507.8,8056,749221.8,59.4,22865,4068,-2,19751,21364,-59,25060,26873
New Brunswick_1999,28131,129132,7507.8,7735,749221.8,59.4,23653,5008,335,20942,23467,44,26629,28686
New Brunswick_2000,27903,127002,7507.8,7544,749221.8,59.4,24088,5059,393,21610,24044,-23,27184,29169
New Brunswick_2001,29916,124941,7507.8,7347,749820,60.5,24323,4336,99,24330,24956,-100,27683,28624
New Brunswick_2002,32928,122793,7419,7193,749372,59.9,24982,4441,8,25541,25357,-126,28999,29387
New Brunswick_2003,32235,120600,7473,7255,749441,59.3,25329,4893,89,26322,26417,-50,29722,30205
New Brunswick_2004,33348,118869,7509,7089,749419,58.8,25878,5293,66,26913,27236,-22,30475,31165
New Brunswick_2005,34599,117147,7509,6967,748057,58.5,26461,5654,53,27025,28117,-26,30716,32117
New Brunswick_2006,33615,114819,7629,7087,745621,58.6,27199,6682,173,26103,28756,43,31348,33904
New Brunswick_2007,30939,112524,7899,7232,745433,58.8,28189,7347,-56,26644,30388,-27,31644,35567
New Brunswick_2008,30792,111630,8079,7463,746877,58.9,29157,7294,16,25532,30070,-21,31887,36476
New Brunswick_2009,30282,109722,7998,7492,749956,59.1,29421,6495,-18,25088,29471,-32,31425,35912
New Brunswick_2010,31434,107718,7803,7467,753035,59.1,30264,6695,232,26543,31622,-32,32050,36956
New Brunswick_2011,32934,105723,7683,7208,755705,59.4,30345,7105,214,26254,31739,-17,32136,37451
New Brunswick_2012,33069,104007,7449,7116,758378,60.2,30430,6157,171,26110,31053,-20,31796,36587
New Brunswick_2013,32610,102459,6900,7011,758544,61.3,30689,5700,83,26036,30836,-11,31710,36390
New Brunswick_2014,32589,101364,6843,7010,758976,62.5,30933,5590,163,25756,30730,6,31747,36525
New Brunswick_2015,28455,100362,7023,6639,758842,63.8,31400,5521,51,25072,30121,-7,31954,36920
New Brunswick_2016,27540,99726,7515,6681,763350,65.2,31951,5452,273,24516,30091,30,32213,37398
New Brunswick_2017,27369,99738,7146,6543,766621,66.6,32790,6104,176,25668,31845,-3,33014,38900
New Brunswick_2018,27057,99774,7146,6391,770301,68,33377,6555,216,24314,31167,-19,33401,39944
New Brunswick_2019,26790,99984,7146,6317,777128,69.4,33976,5955,292,24831,31313,17,33846,39924
New Brunswick_2020,27909,101175,7146,6222,783204,70.8,33594,5987,-538,23845,30095,-3,32937,39578
New Brunswick_2021,27099,101427,7146,6355,789225,71.7,35017,6410,-768,24862,30769,-13,34882,41432
Newfoundland and Labrador_1991,22503.6,94129.2,7682.4,7194,448345.4,59.42,14454,3104,-68,8840,8734,209,19372,17498
Newfoundland and Labrador_1992,22503.6,94129.2,6524.4,6950,376344.6,62.16,14605,3056,-105,7774,8435,149,18987,17597
Newfoundland and Labrador_1993,22683,94129.2,7746.6,6435,518348.2,56.78,14544,3545,-73,8154,8960,130,19257,18046
Newfoundland and Labrador_1994,22548,94129.2,7746.6,6351,518348.2,56.78,14635,4011,-54,8745,9303,73,20012,18619
Newfoundland and Labrador_1995,23346,94129.2,7746.6,5872,518348.2,56.78,14681,4090,20,9983,9781,74,20656,18747
Newfoundland and Labrador_1996,22077,94129.2,7746.6,5782,518348.2,56.78,14570,3366,-36,9876,9509,109,19682,17887
Newfoundland and Labrador_1997,21864,94129.2,7746.6,5428,518348.2,56.78,14762,3777,235,10520,10618,-124,19908,18501
Newfoundland and Labrador_1998,21948,101769,7682.4,5015,518348.2,56.78,15389,3808,-36,12432,11299,-50,20895,19151
Newfoundland and Labrador_1999,22155,97557,7682.4,5072,518348.2,56.78,15899,4853,-34,13311,12629,9,22144,20752
Newfoundland and Labrador_2000,23820,94116,7682.4,4886,518348.2,56.78,16430,4330,236,14912,13175,8,23334,20731
Newfoundland and Labrador_2001,21447,90234,7682.4,4719,522046,58.4,16781,4347,148,14713,12870,36,23894,21098
Newfoundland and Labrador_2002,24126,86970,8034,4686,519481,57.6,17279,4370,-200,19698,13217,94,27746,21617
Newfoundland and Labrador_2003,26196,84336,7920,4630,518459,56.6,17717,4635,100,21853,14295,11,29562,22319
Newfoundland and Labrador_2004,26751,81510,7737,4507,517423,55.9,17795,5173,117,21743,15085,37,29354,22938
Newfoundland and Labrador_2005,25335,79482,7320,4526,514332,55.4,18076,5721,146,21799,15250,-47,30187,23767
Newfoundland and Labrador_2006,29436,76806,7401,4580,510592,55.3,18504,5312,203,23069,15370,-33,31391,23791
Newfoundland and Labrador_2007,26904,75180,7485,4577,509055,55.5,19825,4998,211,26160,15874,-7,34929,24802
Newfoundland and Labrador_2008,27156,72933,7542,4905,511581,55.7,20178,5698,-56,25801,16737,-4,34404,25856
Newfoundland and Labrador_2009,27129,71493,7722,4936,516751,56,21106,5488,-210,20823,15991,-43,30954,26564
Newfoundland and Labrador_2010,27462,70398,7635,4888,522009,55.8,21779,6522,266,21819,17588,-50,32639,28288
Newfoundland and Labrador_2011,28500,69600,7605,4501,524999,56.6,22169,8073,200,22208,18971,-46,33531,30241
Newfoundland and Labrador_2012,28188,68688,7584,4409,526345,57.5,22448,9825,154,20300,20620,-44,32064,32273
Newfoundland and Labrador_2013,28500,68313,7380,4548,527114,58.4,22730,11402,117,20972,21584,45,33748,34130
Newfoundland and Labrador_2014,27207,68403,7650,4593,528159,59.6,22869,11527,155,19345,20539,-4,33355,34394
Newfoundland and Labrador_2015,26742,68250,6948,4488,528117,60.8,23200,11289,102,17770,19589,-3,32965,34483
Newfoundland and Labrador_2016,26979,67764,7161,4475,529426,62.2,23285,12207,65,18675,20892,-3,33461,35509
Newfoundland and Labrador_2017,25968,67329,7344.6,4105,528249,63.9,23386,9381,-16,19624,18148,-4,33953,32718
Newfoundland and Labrador_2018,25305,66477,7433.4,4022,525560,65.7,23595,7990,76,20564,18743,3,33065,31521
Newfoundland and Labrador_2019,24795,65343,7433.4,3767,523427,67.5,23906,8400,90,21528,19110,-4,34391,32247
Newfoundland and Labrador_2020,25083,64758,7498.8,3598,521364,69.1,23193,6603,114,19329,16091,-4,32796,29713
Newfoundland and Labrador_2021,26181,64494,7498.8,3839,520553,70.5,24566,6007,28,18592,15858,-3,33006,30460
Northwestern_1991,134046.1671,418497.9615,29540.6,29657.70313,2649933.018,62.91282051,97369.85013,27498.97416,354.2299742,65627.44186,61717.2584,-2.170542636,129645,124936.1731
Northwestern_1992,134046.1671,418497.9615,29540.6,29657.70313,2649933.018,62.91282051,97369.85013,27498.97416,354.2299742,65627.44186,61717.2584,-2.170542636,129645,124936.1731
Northwestern_1993,1455,7850.4,574.2,536,34773.2,63.16,1985.2,512.6,8.2,974.2,1241.2,-7.8,2255.8,2501
Northwestern_1994,1899,7897.2,567.6,455.8,34119.8,73.86,1864,449.4,-32.6,583.8,1084,-7.6,1793.6,2316.8
Northwestern_1995,2253,8001.6,604.2,551.4,40668.8,58.46,2635.8,683.8,1.2,1329.8,1869.2,2.2,2789.2,3323.8
Northwestern_1996,1398,8556.6,593.4,466.2,32581.8,68.4,2070.2,681.6,-2.6,1007.8,1368,-1.8,2399.6,2755.8
Northwestern_1997,1329,8556.6,594.6,492.6,34719.2,70.44,2042.6,668.6,0.8,1022,1357.2,-4,2391.2,2715.2
Northwestern_1998,1464,17562,1673.4,467,145570.8,67.18,1774.2,409.2,33.6,670.6,1030.8,-7.2,1899.8,2181.6
Northwestern_1999,1656,18066,1615.2,1024.2,138226,65.66,2758,753,0,1453,1635,-32,3369,3493
Northwestern_2000,1491,9753,657.6,773,39747.8,68.38,2815,1095,28,1792,2117,-11,3594,3908
Northwestern_2001,1428,9672,675.6,704,40845,62.8,2973,1757,-25,2145,2485,-28,4350,4757
Northwestern_2002,1554,9708,645,709,41699,61,3009,1646,-7,2446,2467,-3,4654,4676
Northwestern_2003,1482,9747,681,730,42600,59.4,3107,1041,66,3386,2399,-5,5265,4160
Northwestern_2004,1419,9720,678,735,43306,58,3157,1554,40,3496,2867,-7,5401,4725
Northwestern_2005,1491,9606,669,771,43400,57.7,3177,1818,8,3393,3035,-14,5346,5011
Northwestern_2006,2634,9570,672,758,43179,56.9,3199,2116,-42,3393,3278,-13,5352,5335
Northwestern_2007,1029,9399,714,806,43372,55.9,3238,2192,-36,3958,3466,-6,5841,5451
Northwestern_2008,999,9126,720,820,43360,55.1,3257,1754,45,3453,3180,1,5293,5024
Northwestern_2009,894,8826,705,804,43156,54.8,3443,1204,-19,3218,3059,0,4722,4647
Northwestern_2010,1041,8634,687,766,43285,54,3440,1292,41,3364,3221,-10,4843,4734
Northwestern_2011,1182,8634,630,751,43504,53.3,3465,1107,140,3080,3333,-10,4408,4571
Northwestern_2012,4062,8577,672,748,43648,52.5,3464,1299,4,3079,3450,-2,4394,4763
Northwestern_2013,3681,8400,672,765,43805,51.7,3512,1398,46,3140,3531,-1,4521,4910
Northwestern_2014,3834,8205,666,753,43884,51.1,3692,1462,7,3368,3749,6,4735,5154
Northwestern_2015,3993,8382,654,761,44237,51.2,3701,1676,49,3211,3823,5,4779,5377
Northwestern_2016,3612,8367,645,720,44649,51.2,3748,1493,48,2970,3538,1,4712,5240
Northwestern_2017,3549,8421,661.8,715,44891,51.3,3818,1068,44,3521,3467,-1,4873,4881
Northwestern_2018,3534,8802,661.8,739,44981,52,3913,1021,17,3553,3459,3,4941,4928
Northwestern_2019,4071,8607,661.8,632,45070,53.1,3989,846,-30,3250,3240,-2,4750,4826
Northwestern_2020,4803,8721,661.8,666,45372,53.6,4082,626,88,2443,3017,2,4265,4694
Northwestern_2021,2307,8700,653.4,628,45504,53.9,4258,689,-55,2730,3176,3,4475,4934
Nova Scotia_1991,42087.6,140188.8,8691,12086,687541.4,64.74,27872,5055,-40,8654,14624,103,26591,32828
Nova Scotia_1992,42087.6,140188.8,8691,11983,687541.4,64.74,28174,4402,40,9182,14322,-83,26927,32381
Nova Scotia_1993,41175,157980,9215.4,11683,853121.4,62.92,28663,4431,40,9433,14869,-150,27073,32888
Nova Scotia_1994,41214,157980,9215.4,11225,853121.4,62.92,28778,4495,-88,9442,15254,192,27040,33074
Nova Scotia_1995,40248,157980,8663.4,10840,770812,63.06,28873,4368,75,9673,15301,123,27365,33021
Nova Scotia_1996,43725,157980,9682.2,10652,936596,60.74,28947,4390,-100,10558,16096,129,27388,33118
Nova Scotia_1997,44076,157980,9682.2,10040,936596,60.74,29383,5371,174,11669,17697,-178,28496,34649
Nova Scotia_1998,44784,162360,9682.2,9685,936596,60.74,30299,5734,-40,11979,18087,-46,29558,35950
Nova Scotia_1999,44604,160011,9682.2,9631,936596,60.74,31259,6844,291,12468,19583,-53,31116,38132
Nova Scotia_2000,45069,158205,9682.2,9151,936596,60.74,31740,6329,224,13650,19846,36,32041,38034
Nova Scotia_2001,46164,155874,9682.2,8929,932494,62,31960,6596,183,14401,20086,-20,33008,38540
Nova Scotia_2002,51867,153450,9591,8684,935179,61.3,33092,6836,36,15338,20916,96,34432,39912
Nova Scotia_2003,50886,150600,9615,8678,937717,60.7,33773,6855,194,15529,21591,72,34803,40603
Nova Scotia_2004,53469,148515,9579,8840,939664,60.1,34314,6879,149,16021,22360,91,35071,41163
Nova Scotia_2005,52575,145395,9708,8674,937926,59.6,35040,7088,218,15813,22736,73,35469,42101
Nova Scotia_2006,52743,142305,9918,8630,937882,59.4,35895,7158,92,15442,22706,-58,35741,43022
Nova Scotia_2007,52266,142725,9972,9021,935115,59.3,37065,7401,79,16308,24604,-19,36199,44433
Nova Scotia_2008,50748,139428,10062,9309,935897,59.4,38166,6905,136,15735,23948,-6,36915,45017
Nova Scotia_2009,50787,137151,10071,9110,938208,59.3,38474,7669,-161,14725,23596,32,37047,46117
Nova Scotia_2010,52083,134544,9744,8944,942107,58.9,39425,8709,76,15422,25524,-25,38052,48137
Nova Scotia_2011,54522,132423,9501,8948,944274,58.9,40256,8414,399,15187,25934,-17,38303,48669
Nova Scotia_2012,55065,129774,9207,8844,943635,60,40776,7484,159,15171,25624,-33,37933,48260
Nova Scotia_2013,54951,126981,8913,8526,940434,61.1,40940,7784,186,15082,26242,-7,37806,48723
Nova Scotia_2014,55617,125463,9150,8745,938545,62.2,41319,7373,38,14381,24917,-7,38173,48691
Nova Scotia_2015,55197,123999,9030,8296,936525,63.4,41624,7382,188,14098,24805,-8,38429,49005
Nova Scotia_2016,54825,122799,9333,8429,942790,64.5,41988,7938,145,13722,24758,23,39038,49944
Nova Scotia_2017,54966,123120,9220.8,8359,950108,65.4,42978,7938,221,14171,25488,2,39757,50927
Nova Scotia_2018,53484,123990,9339.6,8037,958406,66.2,43727,8349,86,14215,25811,9,40502,52098
Nova Scotia_2019,54495,126165,9339.6,8172,970243,67,44321,8979,263,15081,26748,7,41889,53343
Nova Scotia_2020,57033,128556,9339.6,7683,981889,67.7,43254,8704,-539,13756,24762,12,40433,51997
Nova Scotia_2021,56841,128001,9339.6,7029,992055,68.2,45645,9492,125,14121,26414,-9,42927,55195
Nunavut_1991,134046.1671,418497.9615,29540.6,29657.70313,2649933.018,62.91282051,97369.85013,27498.97416,354.2299742,65627.44186,61717.2584,-2.170542636,129645,124936.1731
Nunavut_1992,134046.1671,418497.9615,29540.6,29657.70313,2649933.018,62.91282051,97369.85013,27498.97416,354.2299742,65627.44186,61717.2584,-2.170542636,129645,124936.1731
Nunavut_1993,1455,7850.4,574.2,536,34773.2,63.16,1985.2,512.6,8.2,974.2,1241.2,-7.8,2255.8,2501
Nunavut_1994,1899,7897.2,567.6,455.8,34119.8,73.86,1864,449.4,-32.6,583.8,1084,-7.6,1793.6,2316.8
Nunavut_1995,2253,8001.6,604.2,551.4,40668.8,58.46,2635.8,683.8,1.2,1329.8,1869.2,2.2,2789.2,3323.8
Nunavut_1996,1398,8556.6,593.4,466.2,32581.8,68.4,2070.2,681.6,-2.6,1007.8,1368,-1.8,2399.6,2755.8
Nunavut_1997,1329,8556.6,594.6,492.6,34719.2,70.44,2042.6,668.6,0.8,1022,1357.2,-4,2391.2,2715.2
Nunavut_1998,1464,0,539.4,467,33875,47.3,1532.6,337.2,33.6,445,908,-3.2,1477,1874
Nunavut_1999,1656,0,532.2,491,33247.2,47.64,1550,393,0,325,1021,-12,1255,1955
Nunavut_2000,1491,9585,620.4,386,29294.6,90.16,1641,358,-44,403,1060,-10,1310,2013
Nunavut_2001,1428,8754,620.4,366,28133,92.8,1723,398,-37,403,1123,3,1392,2135
Nunavut_2002,1554,8739,537,391,28822,91.1,1814,395,-182,419,1013,-1,1423,2225
Nunavut_2003,1482,8901,528,424,29322,90.4,1852,548,-64,207,1119,-10,1423,2406
Nunavut_2004,1419,9117,624,435,29857,89,1874,606,-63,214,1140,-8,1487,2482
Nunavut_2005,1491,9354,711,366,30339,87.5,1900,637,-42,183,1208,3,1481,2537
Nunavut_2006,2634,9129,702,427,30813,86,1946,618,-69,231,1235,5,1497,2566
Nunavut_2007,1029,9066,705,480,31395,84.9,2066,964,1,208,1635,0,1620,3032
Nunavut_2008,999,9021,654,481,31892,84.5,2164,1426,21,189,1996,11,1851,3599
Nunavut_2009,894,9276,651,487,32597,83.1,2162,860,-19,198,1519,0,1721,3019
Nunavut_2010,1041,9039,666,482,33352,81.8,2203,953,-1,607,1730,-5,2039,3155
Nunavut_2011,1182,8871,666,447,34192,80.4,2198,1122,-4,783,1944,-3,2150,3323
Nunavut_2012,4062,8904,801,468,34672,79.7,2251,895,10,871,1824,-4,2199,3146
Nunavut_2013,3681,9087,573,490,35337,79.6,2254,1216,32,979,2037,6,2410,3465
Nunavut_2014,3834,9729,783,483,35971,79.6,2271,940,115,943,1942,1,2379,3214
Nunavut_2015,3993,9891,762,437,36488,80,2401,975,-50,867,1934,2,2372,3380
Nunavut_2016,3612,10026,864,456,36975,79.6,2427,1003,98,965,2033,3,2492,3434
Nunavut_2017,3549,10038,756.6,440,37546,79.3,2505,1447,132,1268,2546,5,2821,3944
Nunavut_2018,3534,10107,756.6,411,38143,79.5,2683,1866,34,1393,3109,-3,2953,4535
Nunavut_2019,4071,10650,725.4,385,38592,79.9,2659,1709,0,1894,3205,2,3175,4355
Nunavut_2020,4803,10725,725.4,504,39155,78.9,2717,993,55,2002,2568,2,3211,3718
Nunavut_2021,2307,10902,747,462,39403,78.3,2826,1106,57,2255,2734,-1,3467,3940
Ontario_1991,506177.4,1327405.8,98819.4,153640,8248117,63.3,317510,72144,-5542,171627,150422,-1616,400193,389473
Ontario_1992,492187.2,1334028.6,98819.4,152124,8286353.6,64.08,321440,71967,-4753,177936,158952,1707,405564,393148
Ontario_1993,469308,1344195.6,98819.4,149465,8351995.8,64.94,324524,66412,-2314,192407,168484,1922,411365,390383
Ontario_1994,465606,1362271.8,98819.4,149332,8478015.8,66.92,330831,69869,551,212701,180105,1256,433727,400246
Ontario_1995,463173,1506817.2,98819.4,147998,8478015.8,66.92,335846,70762,3935,229585,191781,-607,447735,406138
Ontario_1996,465450,1513140.6,98819.4,141534,8478015.8,66.92,338714,77231,-577,242199,201523,-413,455035,415718
Ontario_1997,458871,1817350.2,105460.8,134690,9197110,66.6,351884,85945,3936,261968,226709,1068,477053,437792
Ontario_1998,455859,2095629,137253,133874,12231366.2,61.9,362308,88687,4636,280761,237687,-165,498740,450964
Ontario_1999,455526,2111622,137253,132255,12231366.2,61.9,378379,96972,-562,314033,257701,1160,533253,475439
Ontario_2000,467001,2131626,137253,128733,12231366.2,61.9,395560,101455,3914,339144,276749,1325,567019,497109
Ontario_2001,474600,2143599,136203,133397,11897534,63,406250,104512,-1103,328309,263942,579,577397,510858
Ontario_2002,494940,2163108,130824,130398,12094174,62.4,421510,105542,1615,334213,269906,971,597107,527143
Ontario_2003,533442,2164941,129912,133014,12245039,61.8,433553,110336,1281,334950,278849,558,603720,543981
Ontario_2004,607560,2129742,132678,135271,12391421,61.4,446321,116617,2725,351800,298341,245,620670,563014
Ontario_2005,617274,2123904,137889,137887,12528663,60.9,460339,123705,2400,359754,307848,1136,640614,584090
Ontario_2006,740796,2118543,149712,139733,12661878,60.6,476590,129492,3459,362235,319945,3,652625,606108
Ontario_2007,658893,2221422,154962,141803,12764806,60.3,489698,131433,5289,363107,332135,-425,657733,621176
Ontario_2008,679932,2208771,157302,144826,12883583,60.4,505398,130097,5738,339853,324255,101,657720,635550
Ontario_2009,703560,2193381,158172,144623,12998345,60.4,507806,121352,481,294682,287600,-431,637298,629132
Ontario_2010,749955,2177688,160455,142723,13135778,60.3,524710,132815,766,318944,321370,-437,656103,657529
Ontario_2011,769776,2168094,161523,142944,13261381,60.4,532735,135349,5412,336011,338179,-268,671942,668085
Ontario_2012,785175,2162604,163311,144173,13390632,60.7,538661,137006,2685,344082,341408,-235,680792,675667
Ontario_2013,799482,2157126,165702,141990,13510781,61.2,546100,131183,4416,355615,347775,-212,690275,677289
Ontario_2014,821238,2146026,169314,142299,13617553,61.6,557658,136940,8781,370839,366921,-483,707589,694621
Ontario_2015,822471,2140152,168045,141744,13707118,62.1,573236,145616,2716,379232,376565,-433,724946,718984
Ontario_2016,822801,2135448,169572,142731,13875394,62.6,586290,145166,1403,384587,378890,351,740164,731442
Ontario_2017,838410,2152479,167188.8,142678,14070141,63,607021,150032,7926,386367,390728,-311,761025,757023
Ontario_2018,864822,2174391,167188.8,142647,14308697,63.2,626363,155808,6929,397486,400305,-27,786965,782200
Ontario_2019,889755,2200749,167188.8,142690,14544701,63.4,634609,157762,2949,411618,404337,-116,803505,792394
Ontario_2020,907641,2220585,167188.8,138196,14745712,63.6,598667,163156,-7749,379837,370777,-262,766072,762871
Ontario_2021,903780,2192193,167188.8,142122,14826276,63.9,628667,177469,3462,384834,391933,-246,805813,807865
Prince Edward Island_1991,4045.2,12699,895.8,1851,38285,49.34,3533,613,-29,1114,1778,-77,3340,4147
Prince Edward Island_1992,4045.2,16461.6,895.8,1827,38869.2,55.68,3541,513,40,1255,1833,-55,3445,4041
Prince Edward Island_1993,4563,14045.4,895.8,1739,38649.4,55.46,3582,542,-9,1325,1854,-76,3495,4114
Prince Edward Island_1994,4812,21301.8,1035.6,1693,80049.2,64.44,3625,624,17,1336,1901,-16,3683,4250
Prince Edward Island_1995,4326,20901,1041.6,1747,79123.6,69.54,3706,666,74,1445,2007,3,3918,4378
Prince Edward Island_1996,4218,20901,1095.6,1663,99059.8,66.96,3823,721,8,1493,2050,29,4044,4556
Prince Edward Island_1997,4155,20901,1035.6,1569,80628.4,64.3,3927,593,114,1643,2209,9,4097,4509
Prince Edward Island_1998,4629,24399,1572.6,1476,137303.2,66.5,4032,617,73,1870,2383,26,4251,4639
Prince Edward Island_1999,4860,24147,1572.6,1491,137303.2,66.5,4271,715,44,2033,2632,1,4435,4983
Prince Edward Island_2000,5070,24087,1572.6,1417,137303.2,66.5,4418,766,95,2118,2837,-7,4554,5185
Prince Edward Island_2001,5046,23151,1572.6,1354,136665,68.5,4528,797,-67,2086,2811,-16,4490,5326
Prince Edward Island_2002,5373,22842,1602,1309,136880,67.4,4590,820,76,2079,2884,24,4705,5412
Prince Edward Island_2003,5601,23241,1587,1389,137227,66.4,4723,859,38,2197,3007,-6,4794,5586
Prince Edward Island_2004,6096,22905,1587,1372,137680,65.5,4826,892,36,2290,3075,-12,4951,5721
Prince Edward Island_2005,5790,22392,1539,1314,138064,64.7,5083,963,-14,2277,3152,-25,5122,6051
Prince Edward Island_2006,5874,21948,1548,1388,137867,64.2,5209,1064,-9,2328,3309,-4,5261,6279
Prince Edward Island_2007,6045,21411,1581,1367,137711,64.1,5306,1131,-23,2503,3647,-3,5228,6444
Prince Edward Island_2008,6132,21063,1638,1452,138749,64,5456,1027,13,2463,3635,3,5284,6486
Prince Edward Island_2009,7104,20595,1644,1406,139891,63.8,5557,1038,-112,2354,3496,8,5305,6597
Prince Edward Island_2010,5841,20202,1749,1375,141654,63.5,5744,981,6,2385,3656,-3,5412,6724
Prince Edward Island_2011,6126,21432,1764,1409,143963,63.4,5820,1097,16,2420,3784,2,5527,6916
Prince Edward Island_2012,6564,21120,1767,1292,144530,64,5818,965,25,2467,3679,-10,5586,6783
Prince Edward Island_2013,6603,20700,1692,1380,144094,65.3,5833,1031,63,2555,3758,1,5684,6864
Prince Edward Island_2014,6015,20427,1686,1395,144283,66.8,5862,940,31,2665,3749,0,5690,6803
Prince Edward Island_2015,6390,20256,1683,1320,144546,67.9,5924,874,19,2874,3837,-4,5770,6797
Prince Edward Island_2016,6360,20073,1611,1375,146969,68.7,6046,977,-21,2888,3922,-4,5894,7024
Prince Edward Island_2017,6189,20475,1687.8,1311,150402,69,6187,1193,21,2998,4155,-8,6170,7386
Prince Edward Island_2018,8037,20691,1687.8,1283,153396,69.5,6337,1210,30,2998,4232,7,6277,7554
Prince Edward Island_2019,7455,20970,1687.8,1302,157419,69.6,6496,1336,58,3070,4324,5,6562,7843
Prince Edward Island_2020,8505,21399,1687.8,1292,161329,69.3,6425,1381,-146,3074,4231,5,6454,7818
Prince Edward Island_2021,8616,21756,1687.8,1447,164318,68.6,6931,1467,-47,3310,4624,3,6965,8410
Quebec_1991,403410,638503.2,36276,96230,4458852.2,57.98,186106,40534,-2501,89826,90145,-365,224585,226677
Quebec_1992,403410,640354.2,36124.2,94800,4502766.4,58.12,188611,38847,-1807,90598,90268,-1724,225375,227389
Quebec_1993,449112,1248231,81684,91201,7488186.2,58.02,190336,39116,-505,97637,96703,-244,230500,229379
Quebec_1994,440490,1248231,93809.4,89346,7488186.2,58.02,193851,39939,619,107158,99403,-2497,241075,233721
Quebec_1995,433029,1248231,81684,86172,7488186.2,58.02,195363,37692,2462,112702,102044,-1667,246253,232829
Quebec_1996,425532,1248231,81684,84193,7488186.2,58.02,199442,41131,351,116008,107551,-887,249340,240479
Quebec_1997,413559,1248231,93809.4,78893,7488186.2,58.02,204711,42298,649,125357,116975,-85,256374,246916
Quebec_1998,405918,1260480,93827.4,74926,7488186.2,58.02,208020,45325,381,133345,122980,150,264665,253354
Quebec_1999,405705,1250247,93827.4,72859,7488186.2,58.02,214351,48351,2840,147924,134257,327,280467,262774
Quebec_2000,412686,1247757,93827.4,71151,7488186.2,58.02,221710,50927,3092,164119,147298,-370,292882,272726
Quebec_2001,437499,1237980,93809.4,72739,7396456,58.8,228326,52334,-2026,160934,141298,-706,297992,280752
Quebec_2002,439857,1244691,93084,71509,7441656,58.3,236132,55549,-1833,160746,144304,-395,306269,291779
Quebec_2003,446328,1244943,93360,72838,7485753,57.9,243155,58751,-113,157201,149262,-124,309948,301999
Quebec_2004,450885,1240821,93201,73033,7535590,57.6,248092,64907,1466,160057,156624,-587,317700,313041
Quebec_2005,452574,1232664,93270,75231,7581476,57.5,252962,66033,3268,163856,163584,-587,322404,319040
Quebec_2006,451404,1062324,96132,80853,7631966,57.6,259761,67588,1783,166553,169052,-545,326298,327400
Quebec_2007,454776,1175469,96222,83202,7692916,58.1,268657,71820,1441,169634,177352,16,334273,340490
Quebec_2008,463641,1320495,96144,87630,7761725,58.6,275973,73696,2034,164165,175185,-57,340867,349685
Quebec_2009,471396,1319697,96930,88074,7843383,59,280220,70604,-1696,157867,168806,-109,338180,350820
Quebec_2010,486285,1322439,97032,87045,7929222,59.2,289303,73918,168,158327,176659,-252,344934,363224
Quebec_2011,500988,1313169,97149,87125,8005090,59.5,293985,76625,1994,157799,178900,-152,351401,370612
Quebec_2012,510834,1305009,97617,87338,8061101,60,296814,79305,1644,160283,182553,-240,355254,376119
Quebec_2013,519531,1308171,98112,87165,8110880,60.7,300713,76468,4107,161725,183053,-53,359993,377198
Quebec_2014,528099,1313754,98313,86337,8150183,61.6,305770,71666,-1398,170252,180611,96,365719,377481
Quebec_2015,534768,1316289,99243,85348,8175272,62.5,308762,70238,373,173765,183955,-21,368982,379031
Quebec_2016,533106,1325913,100812,84810,8225950,63.6,315815,69012,-936,174062,183219,284,374899,384814
Quebec_2017,532176,1341285,98819.4,82417,8302063,64.6,325272,75403,5387,176852,197037,-175,385620,400741
Quebec_2018,534054,1349298,98819.4,82419,8401738,65.7,333526,79299,4982,183210,203730,84,396918,412940
Quebec_2019,530367,1367124,98819.4,82922,8503483,66.8,340038,81977,3176,187770,204539,158,408168,422170
Quebec_2020,529743,1372902,98819.4,80520,8578300,68.1,328701,81153,-6550,173211,188350,-21,387848,410085
Quebec_2021,539385,1380750,98819.4,83341,8604495,69.4,348054,86993,-431,178152,201163,-94,411001,435360
Saskatchewan_1991,36147,192165.6,11473.8,15284,1068925.2,66.54,29107,7200,185,23894,14804,339,50010,36407
Saskatchewan_1992,36147,192165.6,10105.8,14955,858997.8,66.78,28748,6439,-950,26347,15225,18,47799,35263
Saskatchewan_1993,37149,193587,12183,14247,1093755.2,73.06,29228,6456,859,26553,15556,-143,50849,35759
Saskatchewan_1994,36351,194614.8,13114.2,13993,1060313.2,74.26,29445,7032,102,30554,16898,449,52840,36570
Saskatchewan_1995,35184,192757.2,13114.2,13517,1060313.2,74.26,30040,7361,721,30311,17734,287,53426,37503
Saskatchewan_1996,34983,190661.4,13114.2,13310,1060313.2,74.26,30588,8375,860,32030,19235,287,55034,39092
Saskatchewan_1997,34263,190661.4,12320.4,12812,996843,75.46,31239,11033,553,35077,21943,155,57399,42470
Saskatchewan_1998,34578,196014,12659.4,12794,996843,75.46,31826,9787,444,37992,21412,12,59879,41772
Saskatchewan_1999,34107,194796,12659.4,12568,996843,75.46,32304,9955,743,38320,22331,-104,59943,42421
Saskatchewan_2000,34500,192885,12320.4,12118,996843,75.46,33096,9930,348,40738,23173,-63,61503,43190
Saskatchewan_2001,35904,186588,12320.4,12260,1000239,77.8,33583,9928,-806,41468,23455,92,60993,43677
Saskatchewan_2002,36330,183024,12348,11750,996807,76.8,34485,9423,-351,40086,23613,92,60789,44094
Saskatchewan_2003,38244,184605,12378,12128,996386,75.5,35163,10092,1765,39723,24773,130,63564,45425
Saskatchewan_2004,38706,182130,12261,12078,997283,74.1,35609,10246,1354,43628,25602,228,66605,46026
Saskatchewan_2005,37032,178710,12171,12111,993500,73.1,36410,11944,2228,43492,27010,-47,68360,48443
Saskatchewan_2006,40965,175587,12444,12427,992314,72.3,37580,13318,670,44117,29269,50,67347,50934
Saskatchewan_2007,45120,169713,12252,13446,1002086,71.4,39603,14314,655,46484,32111,9,69855,53945
Saskatchewan_2008,52053,171189,11694,13969,1017404,70.3,41662,16752,1699,47778,35304,-29,73518,58426
Saskatchewan_2009,51522,170526,11904,14535,1034819,69,42547,16647,-414,45882,35859,10,69597,59204
Saskatchewan_2010,51327,171810,12099,14538,1051443,67.9,43860,19414,-1242,49111,39062,-92,72851,63290
Saskatchewan_2011,51450,171078,12426,14564,1066026,67,44868,21318,16,52398,42535,-78,76697,66192
Saskatchewan_2012,52356,172551,12564,15042,1083755,66.8,46058,23264,-140,53032,44123,-85,78007,69322
Saskatchewan_2013,52890,176085,12726,15011,1099736,66.6,47056,25093,2565,51736,44406,50,83111,72145
Saskatchewan_2014,52869,178479,13044,15770,1112979,66.7,47890,26038,-296,55123,45200,-50,84786,73923
Saskatchewan_2015,54240,181545,12894,15497,1120967,67.3,48533,22110,-269,56006,43432,-84,84072,70627
Saskatchewan_2016,56238,183894,12918,15723,1135987,68,48978,19229,1118,53809,40742,141,84006,68174
Saskatchewan_2017,55602,187536,13166.4,15606,1150331,68.7,50084,20031,314,56392,41973,57,86180,70083
Saskatchewan_2018,56529,189999,13490.4,15407,1161767,69.7,51087,19591,543,57820,42554,-15,87728,70642
Saskatchewan_2019,59301,191994,13746,14674,1172479,70.7,51626,17804,1328,57366,41976,-28,87379,69381
Saskatchewan_2020,56784,194367,14034,14169,1179300,71.9,49487,15325,-1196,56648,38072,14,83208,64757
Saskatchewan_2021,53085,192036,14034,14509,1179844,72.9,52211,16080,-2398,55762,40191,-36,82494,68231
Yukon_1991,1666.8,6154.8,534,581,29678,67.7,1339,425,29,563,939,-13,1448,1775
Yukon_1992,1579.8,6751.8,508.2,530,29678,67.7,1482,404,-7,809,965,-45,1731,1895
Yukon_1993,1455,6696,534,513,29678,67.7,1464,294,46,477,945,6,1385,1759
Yukon_1994,1899,5599.2,534,448,29678,67.7,1456,336,42,353,837,3,1384,1796
Yukon_1995,2253,5430,549.6,461,29652.4,74.78,1523,464,25,421,898,4,1575,1999
Yukon_1996,1398,7126.8,508.2,432,29678,67.7,1552,342,60,614,901,-1,1741,1897
Yukon_1997,1329,4834.8,508.2,481,29678,67.7,1641,321,20,456,836,-12,1620,1963
Yukon_1998,1464,6333,497.4,399,30958.4,50.66,1724,294,-10,416,853,-29,1544,2014
Yukon_1999,1656,6102,497.4,382,30958.4,50.66,1742,370,-23,369,914,4,1537,2115
Yukon_2000,1491,5976,497.4,377,30958.4,50.66,1789,325,8,371,890,-10,1589,2114
Yukon_2001,1428,5763,496.2,349,30158,52.6,1779,386,3,385,890,-1,1662,2166
Yukon_2002,1554,5610,492,349,30336,51.4,1887,389,-14,338,932,-4,1643,2278
Yukon_2003,1482,5610,489,334,30941,50.6,1923,405,-39,315,959,17,1625,2330
Yukon_2004,1419,5520,495,380,31455,49.6,1989,520,-53,330,1042,8,1707,2509
Yukon_2005,1491,5460,495,315,31902,49.1,2089,653,-84,338,1202,12,1744,2740
Yukon_2006,2634,5334,510,370,32272,48.5,2077,722,-9,352,1251,-19,1826,2797
Yukon_2007,1029,5229,516,358,32554,47.7,2167,738,-30,412,1323,1,1919,2904
Yukon_2008,999,5226,552,361,33083,47.1,2262,673,-29,568,1318,0,2113,2931
Yukon_2009,894,5004,570,375,33731,47.6,2369,689,17,588,1384,9,2253,3055
Yukon_2010,1041,5010,513,371,34596,47.3,2492,967,32,579,1691,-4,2343,3458
Yukon_2011,1182,5148,546,420,35411,46.8,2553,1161,9,627,1858,-4,2460,3715
Yukon_2012,4062,5133,879,427,36234,47.2,2591,948,36,788,1798,-7,2558,3539
Yukon_2013,3681,5151,903,393,36521,47.4,2660,853,21,810,1726,1,2595,3514
Yukon_2014,3834,5292,945,385,37137,47.9,2704,753,40,798,1663,5,2614,3459
Yukon_2015,3993,5331,873,416,37690,48.6,2752,647,-6,633,1608,2,2409,3403
Yukon_2016,3612,5334,879,417,38547,49.5,2819,629,3,789,1634,3,2588,3453
Yukon_2017,3549,5496,895.8,0,39610,50.3,2841,727,7,728,1652,0,2634,3573
Yukon_2018,3534,5556,895.8,0,40519,51,2939,1049,2,598,1888,-3,2702,3998
Yukon_2019,4071,5619,895.8,0,41362,52.2,2950,905,11,585,1781,-2,2667,3863
Yukon_2020,4803,5823,808.2,0,42174,53.8,2962,684,32,759,1637,1,2769,3653
Yukon_2021,2307,5943,673.2,1085,42986,54.7,3116,824,-63,890,1701,2,3045,3950
