Area_Year,9_Postsecondary enrolments,"2_Number of students in elementary and secondary schools_Public school Total, program type","2_Number of students in elementary and secondary schools_Priviate school Total, program type","2_Number of students in elementary and secondary schools_Home-schooling Total, program type",3_Number of full-time and part-time educators,"1_Live births_Canada, place of residence of mother 10",1_Live births_Place of residence of mother outside Canada 11,6_Estimates of population,7_Dependency ratio,4_Canada_gdp_yearly_Durable goods,4_Canada_gdp_yearly_Semi-durable goods,4_Canada_gdp_yearly_Non-durable goods,4_Canada_gdp_yearly_Services,4_Canada_gdp_yearly_Non-profit institutions serving households final consumption expenditure,4_Canada_gdp_yearly_General governments final consumption expenditure,4_Canada_gdp_yearly_Non-residential structures,4_Canada_gdp_yearly_Machinery and equipment,4_Canada_gdp_yearly_Intellectual property products,4_Canada_gdp_yearly_Residential structures,4_Canada_gdp_yearly_Non-profit institutions serving households gross fixed capital formation,4_Canada_gdp_yearly_General governments gross fixed capital formation,4_Canada_gdp_yearly_Non-farm,4_Canada_gdp_yearly_Farm,4_Canada_gdp_yearly_Exports of goods to other countries,4_Canada_gdp_yearly_Exports of services to other countries,4_Canada_gdp_yearly_Exports of goods to other provinces,4_Canada_gdp_yearly_Exports of services to other provinces,4_Canada_gdp_yearly_Imports of goods from other countries,4_Canada_gdp_yearly_Imports of services from other countries,4_Canada_gdp_yearly_Imports of goods from other provinces,4_Canada_gdp_yearly_Imports of services from other provinces,4_Canada_gdp_yearly_Statistical discrepancy,4_Canada_gdp_yearly_Gross domestic product at market prices,4_Canada_gdp_yearly_Final domestic demand
Alberta_1991,-1.0,-1.0,-1.0,-1.0,-1.0,42834.0,63.0,-1.0,-1.0,5004.0,3184.0,17591.0,31332.0,1010.0,29407.0,12891.0,2763.0,2196.0,7113.0,114.0,4264.0,318.0,425.0,35729.0,1777.0,20000.0,10601.0,12188.0,3361.0,13200.0,14895.0,999.0,150229.0,112838.0
Alberta_1992,-1.0,-1.0,-1.0,-1.0,-1.0,42080.0,45.0,-1.0,-1.0,4946.0,3257.0,17637.0,31868.0,1076.0,29590.0,10742.0,3181.0,1944.0,8238.0,134.0,4124.0,-779.0,-614.0,41752.0,2172.0,19758.0,10347.0,12522.0,3376.0,12731.0,15420.0,-156.0,151229.0,113262.0
Alberta_1993,114048.0,-1.0,-1.0,-1.0,-1.0,40329.0,39.0,-1.0,-1.0,5157.0,3355.0,17976.0,32860.0,1044.0,29024.0,13372.0,3223.0,2765.0,8364.0,149.0,3921.0,-142.0,1288.0,44713.0,2197.0,22091.0,10962.0,13661.0,3624.0,12652.0,15635.0,-53.0,162978.0,117252.0
Alberta_1994,112911.0,-1.0,-1.0,-1.0,-1.0,39902.0,39.0,-1.0,-1.0,5399.0,3446.0,18434.0,34368.0,1007.0,27369.0,18015.0,3366.0,3805.0,8291.0,135.0,3533.0,-277.0,108.0,49005.0,2422.0,23494.0,10915.0,13607.0,4013.0,14711.0,15624.0,1540.0,172000.0,122500.0
Alberta_1995,111546.0,-1.0,-1.0,-1.0,-1.0,38935.0,33.0,-1.0,-1.0,5441.0,3611.0,18518.0,35398.0,1087.0,26850.0,17980.0,3588.0,4203.0,7308.0,173.0,3195.0,753.0,701.0,54034.0,2664.0,23317.0,10919.0,14556.0,4090.0,15219.0,15950.0,1116.0,177278.0,123489.0
Alberta_1996,110937.0,-1.0,-1.0,-1.0,-1.0,37894.0,19.0,-1.0,-1.0,5803.0,3727.0,18756.0,36331.0,1274.0,26553.0,17436.0,4291.0,4206.0,8387.0,165.0,3309.0,-20.0,-113.0,57601.0,3074.0,27955.0,10721.0,17393.0,4477.0,14729.0,16402.0,350.0,181537.0,127185.0
Alberta_1997,114804.0,-1.0,-1.0,-1.0,-1.0,36988.0,39.0,-1.0,-1.0,6815.0,3942.0,19471.0,38847.0,1552.0,26642.0,22922.0,5437.0,5655.0,10633.0,205.0,3234.0,1420.0,166.0,61893.0,3603.0,26418.0,12400.0,23004.0,4836.0,16089.0,17512.0,546.0,193931.0,141802.0
Alberta_1998,117555.0,532302.0,-1.0,-1.0,-1.0,37953.0,41.0,-1.0,-1.0,7097.0,4213.0,20344.0,39907.0,1690.0,28135.0,21227.0,7313.0,7412.0,11277.0,149.0,3626.0,-202.0,389.0,67397.0,4829.0,23746.0,14241.0,25771.0,4692.0,15470.0,18375.0,46.0,203479.0,150627.0
Alberta_1999,123612.0,543387.0,-1.0,-1.0,-1.0,38258.0,54.0,-1.0,-1.0,7350.0,4316.0,20961.0,41409.0,1809.0,29083.0,20785.0,6929.0,5943.0,10806.0,172.0,4114.0,385.0,781.0,67470.0,5475.0,25194.0,14641.0,26357.0,4637.0,16403.0,19373.0,225.0,206002.0,151918.0
Alberta_2000,127764.0,546402.0,-1.0,-1.0,-1.0,37111.0,50.0,-1.0,-1.0,8180.0,4623.0,21698.0,43145.0,1959.0,30837.0,24640.0,8195.0,7659.0,11064.0,176.0,4759.0,990.0,158.0,74268.0,5264.0,27380.0,16148.0,31486.0,4963.0,18193.0,21555.0,187.0,218678.0,165298.0
Alberta_2001,143340.0,549633.0,-1.0,-1.0,-1.0,37721.0,28.0,3058108.0,61.6,8844.0,5002.0,21967.0,44520.0,2117.0,32149.0,26541.0,9086.0,8598.0,12322.0,201.0,5971.0,-1319.0,-526.0,74993.0,5810.0,25282.0,17122.0,31820.0,5195.0,19845.0,21985.0,-121.0,222271.0,175656.0
Alberta_2002,149145.0,548121.0,-1.0,-1.0,34761.0,38729.0,22.0,3128429.0,60.7,9589.0,5296.0,22650.0,46093.0,2363.0,33240.0,24794.0,9329.0,6920.0,14530.0,240.0,6265.0,-1180.0,-1561.0,73688.0,6345.0,26238.0,17931.0,31921.0,5313.0,19703.0,22297.0,-81.0,227363.0,180089.0
Alberta_2003,158568.0,554397.0,-1.0,-1.0,37350.0,40320.0,20.0,3183065.0,59.9,9969.0,5552.0,22964.0,47851.0,2209.0,34450.0,27277.0,11046.0,7209.0,13975.0,215.0,5675.0,422.0,1723.0,71787.0,6355.0,29042.0,17843.0,34568.0,5812.0,21361.0,22910.0,412.0,235234.0,187935.0
Alberta_2004,160107.0,552591.0,-1.0,-1.0,39390.0,40722.0,25.0,3238668.0,59.2,10658.0,5946.0,24016.0,50346.0,2103.0,35132.0,30798.0,12444.0,7835.0,14618.0,128.0,6071.0,72.0,962.0,79412.0,6657.0,28029.0,19571.0,38124.0,6184.0,21730.0,24595.0,399.0,248322.0,199624.0
Alberta_2005,172563.0,550983.0,-1.0,-1.0,40293.0,42036.0,18.0,3321768.0,58.4,12196.0,6558.0,24801.0,54234.0,2329.0,36098.0,37527.0,15758.0,9903.0,16518.0,321.0,7076.0,2038.0,777.0,80317.0,6359.0,26245.0,20521.0,45479.0,6809.0,22681.0,27320.0,76.0,259282.0,222857.0
Alberta_2006,175167.0,551739.0,-1.0,-1.0,40557.0,45088.0,8.0,3421434.0,57.5,14234.0,7395.0,26227.0,58426.0,2282.0,37246.0,40534.0,18911.0,9882.0,17200.0,352.0,8398.0,1823.0,-531.0,86055.0,6835.0,27692.0,22909.0,52414.0,7489.0,24143.0,29402.0,449.0,275756.0,241597.0
Alberta_2007,175491.0,560562.0,28767.0,9984.0,40542.0,48832.0,13.0,3514147.0,56.4,15689.0,8127.0,27239.0,62158.0,2341.0,39283.0,42475.0,19172.0,8390.0,17321.0,279.0,9856.0,-788.0,-655.0,87066.0,6640.0,31269.0,21788.0,56035.0,7532.0,27089.0,28993.0,-299.0,280600.0,252928.0
Alberta_2008,174543.0,559116.0,29520.0,9747.0,42516.0,50557.0,6.0,3595856.0,55.7,15828.0,8476.0,27740.0,64142.0,2495.0,41827.0,46429.0,19039.0,7423.0,15418.0,391.0,10892.0,-1086.0,595.0,87287.0,6577.0,27878.0,22772.0,56922.0,7777.0,25243.0,29911.0,-108.0,285125.0,260091.0
Alberta_2009,176700.0,564051.0,27867.0,10113.0,45627.0,51494.0,14.0,3678996.0,55.1,14029.0,8210.0,27957.0,64621.0,2409.0,43223.0,27866.0,15261.0,5431.0,13416.0,324.0,11047.0,-670.0,-779.0,77489.0,6712.0,31692.0,27840.0,47050.0,7603.0,23963.0,29417.0,-210.0,269322.0,234339.0
Alberta_2010,184575.0,567813.0,27690.0,9855.0,44781.0,50622.0,11.0,3732082.0,55.1,14716.0,8694.0,28519.0,67606.0,2375.0,44295.0,39553.0,15775.0,6845.0,15941.0,441.0,12401.0,-111.0,511.0,82186.0,5987.0,31490.0,27739.0,55335.0,9605.0,25093.0,32181.0,-343.0,282702.0,257217.0
Alberta_2011,188268.0,573102.0,27831.0,9966.0,44643.0,50834.0,11.0,3789030.0,55.3,15677.0,9347.0,29132.0,70186.0,2527.0,45951.0,47393.0,17949.0,7865.0,15239.0,435.0,12026.0,1211.0,101.0,92027.0,5973.0,32120.0,28074.0,59055.0,10395.0,27343.0,35502.0,-305.0,300948.0,273737.0
Alberta_2012,189090.0,574911.0,22425.0,10386.0,44211.0,52441.0,11.0,3874548.0,55.6,16960.0,10116.0,29925.0,72510.0,2640.0,46675.0,53823.0,19883.0,8812.0,17179.0,480.0,12073.0,609.0,-105.0,96585.0,6310.0,32598.0,28656.0,66764.0,11624.0,26908.0,37494.0,-304.0,312708.0,291076.0
Alberta_2013,191619.0,591399.0,24159.0,10785.0,44391.0,53172.0,12.0,3981011.0,55.9,18421.0,10562.0,31172.0,75767.0,2709.0,46942.0,63734.0,21432.0,8691.0,19017.0,459.0,11343.0,757.0,1281.0,102108.0,6803.0,36137.0,28841.0,70042.0,13487.0,29939.0,42561.0,-94.0,330548.0,310267.0
Alberta_2014,186600.0,608169.0,25707.0,11136.0,45123.0,55568.0,23.0,4083648.0,56.0,19551.0,10945.0,32348.0,78211.0,2675.0,47723.0,67683.0,22294.0,8662.0,20728.0,589.0,10396.0,1015.0,-108.0,111894.0,7592.0,34599.0,32953.0,70380.0,14158.0,28458.0,47104.0,-63.0,350033.0,321825.0
Alberta_2015,184026.0,625683.0,27129.0,11484.0,46662.0,56734.0,15.0,4144491.0,56.9,18250.0,10826.0,32478.0,80126.0,2804.0,48708.0,49458.0,16558.0,5926.0,20637.0,527.0,11372.0,-2065.0,88.0,113929.0,7782.0,33746.0,29901.0,63255.0,13164.0,24857.0,42694.0,-156.0,337069.0,297615.0
Alberta_2016,185679.0,640872.0,26775.0,11322.0,47289.0,55674.0,41.0,4196061.0,58.0,17386.0,10645.0,32301.0,80803.0,2952.0,50741.0,37866.0,12395.0,4680.0,17555.0,310.0,11818.0,-1358.0,224.0,111536.0,7804.0,35467.0,29499.0,58252.0,13264.0,23450.0,41909.0,275.0,325421.0,279292.0
Alberta_2017,190947.0,652272.0,27537.0,12732.0,-1.0,53513.0,48.0,4241100.0,59.1,18730.0,10803.0,33276.0,82418.0,2960.0,52294.0,37379.0,12401.0,5404.0,17928.0,320.0,11761.0,1718.0,330.0,118565.0,7999.0,37677.0,30623.0,61731.0,13160.0,22306.0,43749.0,-228.0,340062.0,285508.0
Alberta_2018,194010.0,665877.0,28488.0,13023.0,-1.0,52325.0,17.0,4298275.0,60.0,18777.0,10952.0,33839.0,84249.0,3066.0,54117.0,35940.0,14130.0,5719.0,17608.0,309.0,10467.0,582.0,-58.0,127304.0,8280.0,41497.0,31186.0,64303.0,14437.0,23801.0,44920.0,79.0,347593.0,289117.0
Alberta_2019,200391.0,673788.0,30270.0,13689.0,-1.0,51657.0,32.0,4362576.0,61.0,18203.0,11037.0,33888.0,85208.0,3241.0,53772.0,33187.0,13811.0,5650.0,15931.0,242.0,9546.0,2230.0,-79.0,130171.0,9411.0,39360.0,31466.0,61544.0,15074.0,23181.0,45394.0,-88.0,348005.0,283682.0
Alberta_2020,203823.0,683280.0,31503.0,14730.0,-1.0,48908.0,62.0,4420029.0,61.9,17076.0,9876.0,34605.0,77323.0,3071.0,53625.0,25629.0,11205.0,4983.0,15426.0,230.0,10260.0,-3690.0,-137.0,127669.0,7057.0,38517.0,27545.0,55931.0,11875.0,24405.0,42522.0,-6.0,320302.0,263217.0
Alberta_2021,203523.0,664908.0,30465.0,25305.0,-1.0,49779.0,65.0,4442879.0,62.9,18354.0,11570.0,34273.0,81039.0,3136.0,54700.0,27538.0,10988.0,4697.0,18741.0,251.0,9602.0,-468.0,-1709.0,131433.0,7915.0,38409.0,30068.0,59773.0,12394.0,23548.0,44290.0,-88.0,335550.0,274634.0
British Columbia_1991,-1.0,-1.0,-1.0,-1.0,-1.0,45585.0,173.0,-1.0,-1.0,6395.0,4191.0,21687.0,41225.0,1216.0,31073.0,7890.0,3191.0,1231.0,11010.0,140.0,4626.0,-415.0,25.0,22189.0,5649.0,4164.0,10201.0,15893.0,4607.0,15839.0,12854.0,-353.0,126535.0,131680.0
British Columbia_1992,-1.0,-1.0,-1.0,-1.0,-1.0,46098.0,131.0,-1.0,-1.0,6574.0,4337.0,22174.0,42676.0,1397.0,32140.0,6166.0,3185.0,1229.0,13535.0,161.0,4638.0,-411.0,18.0,22089.0,5873.0,5405.0,11021.0,17752.0,4615.0,15346.0,13256.0,-1348.0,130049.0,136186.0
British Columbia_1993,144663.0,-1.0,-1.0,-1.0,-1.0,46007.0,134.0,-1.0,-1.0,6773.0,4558.0,23162.0,43730.0,1518.0,32588.0,5649.0,3091.0,1603.0,13875.0,184.0,4728.0,285.0,45.0,22911.0,6599.0,5295.0,11403.0,18605.0,4783.0,13791.0,12946.0,-1872.0,136155.0,139480.0
British Columbia_1994,145371.0,-1.0,-1.0,-1.0,-1.0,46881.0,79.0,-1.0,-1.0,7307.0,4856.0,23929.0,45140.0,1486.0,32870.0,6879.0,3510.0,2315.0,13955.0,155.0,5438.0,660.0,62.0,25031.0,7638.0,5492.0,10837.0,21714.0,5284.0,17567.0,13789.0,-16.0,139733.0,146042.0
British Columbia_1995,147195.0,-1.0,-1.0,-1.0,-1.0,46768.0,121.0,-1.0,-1.0,7588.0,5093.0,24562.0,46437.0,1499.0,32306.0,7541.0,3587.0,1825.0,12270.0,187.0,5053.0,570.0,35.0,27011.0,8819.0,5256.0,10749.0,21736.0,5369.0,17623.0,14469.0,755.0,143402.0,146436.0
British Columbia_1996,150033.0,-1.0,-1.0,-1.0,-1.0,46095.0,126.0,-1.0,-1.0,7716.0,5122.0,24931.0,49043.0,1812.0,32946.0,6661.0,3675.0,1841.0,12459.0,173.0,5434.0,205.0,-17.0,27061.0,8186.0,6149.0,10576.0,22015.0,5580.0,16152.0,14674.0,90.0,147052.0,150523.0
British Columbia_1997,154824.0,-1.0,-1.0,-1.0,-1.0,44545.0,89.0,-1.0,-1.0,8449.0,5316.0,25408.0,50657.0,2382.0,32876.0,8876.0,4066.0,1946.0,13071.0,221.0,4729.0,909.0,-43.0,27536.0,8970.0,6484.0,11274.0,24726.0,5612.0,16383.0,15381.0,-124.0,151968.0,156828.0
British Columbia_1998,161229.0,631446.0,-1.0,-1.0,-1.0,43014.0,53.0,-1.0,-1.0,8286.0,5397.0,25959.0,51482.0,2464.0,33385.0,6781.0,4496.0,2408.0,11314.0,126.0,4532.0,209.0,81.0,27496.0,10036.0,6711.0,11760.0,24904.0,5365.0,14359.0,16497.0,569.0,153811.0,156401.0
British Columbia_1999,163533.0,629544.0,-1.0,-1.0,-1.0,41906.0,71.0,-1.0,-1.0,8763.0,5511.0,26426.0,52606.0,2611.0,33624.0,7527.0,4517.0,2077.0,10499.0,146.0,5332.0,1025.0,-18.0,30534.0,10078.0,7745.0,12229.0,26554.0,5639.0,15005.0,17590.0,201.0,159162.0,159552.0
British Columbia_2000,160305.0,628269.0,-1.0,-1.0,-1.0,40598.0,66.0,-1.0,-1.0,9472.0,5680.0,26797.0,54090.0,2628.0,34897.0,7289.0,4897.0,2513.0,10563.0,170.0,5403.0,2143.0,-73.0,32625.0,11150.0,9409.0,12743.0,28938.0,5733.0,15744.0,19343.0,48.0,166405.0,164808.0
British Columbia_2001,204180.0,624618.0,-1.0,-1.0,-1.0,40498.0,48.0,4076950.0,61.0,9975.0,6012.0,26767.0,54984.0,2760.0,36032.0,8404.0,4811.0,3164.0,11629.0,186.0,5458.0,-475.0,128.0,30784.0,11315.0,10677.0,13153.0,27595.0,5920.0,17116.0,19803.0,-19.0,167541.0,170262.0
British Columbia_2002,222873.0,622830.0,-1.0,-1.0,37149.0,40054.0,66.0,4100564.0,60.4,10859.0,6300.0,27486.0,56551.0,2934.0,36560.0,7875.0,4681.0,2704.0,13554.0,246.0,5212.0,588.0,-32.0,31291.0,11739.0,10633.0,12636.0,28128.0,5837.0,16704.0,19679.0,132.0,174214.0,175025.0
British Columbia_2003,224991.0,613227.0,-1.0,-1.0,36564.0,40411.0,79.0,4124482.0,59.8,11263.0,6519.0,27768.0,58949.0,3040.0,36720.0,8599.0,4693.0,3238.0,14601.0,218.0,5443.0,628.0,52.0,31808.0,11955.0,11354.0,13141.0,29404.0,6537.0,18213.0,19907.0,109.0,178240.0,180892.0
British Columbia_2004,229104.0,605535.0,-1.0,-1.0,36330.0,40479.0,63.0,4155651.0,59.3,12092.0,6808.0,28480.0,61740.0,2771.0,36511.0,9487.0,5274.0,3697.0,17112.0,137.0,6299.0,741.0,-29.0,33464.0,12619.0,11635.0,14157.0,32204.0,7097.0,19200.0,21240.0,5.0,185250.0,190151.0
British Columbia_2005,232230.0,596169.0,-1.0,-1.0,36888.0,40798.0,55.0,4196062.0,58.9,12406.0,7078.0,28872.0,65263.0,2949.0,36946.0,9974.0,6342.0,3941.0,18352.0,356.0,7517.0,1308.0,-48.0,34976.0,13231.0,11872.0,15509.0,35264.0,7527.0,19017.0,22493.0,-155.0,194460.0,199896.0
British Columbia_2006,236508.0,589380.0,-1.0,-1.0,37149.0,41738.0,45.0,4241794.0,58.7,13643.0,7680.0,29762.0,69136.0,3097.0,37399.0,11813.0,7355.0,4181.0,19671.0,366.0,7778.0,1433.0,-68.0,35331.0,13699.0,12531.0,17193.0,38771.0,8312.0,19846.0,23913.0,-84.0,203053.0,212006.0
British Columbia_2007,242394.0,578628.0,65370.0,1038.0,37119.0,43644.0,54.0,4290984.0,58.4,14750.0,8269.0,30653.0,72954.0,3009.0,39404.0,11191.0,8044.0,4863.0,20099.0,234.0,8093.0,1347.0,-29.0,34914.0,13816.0,13725.0,18152.0,41706.0,8661.0,21621.0,23742.0,-299.0,209419.0,221950.0
British Columbia_2008,244416.0,571269.0,65475.0,813.0,36921.0,44314.0,59.0,4349336.0,58.0,14498.0,8450.0,31240.0,75590.0,3400.0,40961.0,12832.0,8067.0,5102.0,19096.0,504.0,8551.0,174.0,-136.0,33552.0,12798.0,13221.0,18498.0,42912.0,8969.0,20379.0,24176.0,-213.0,210903.0,228456.0
British Columbia_2009,244785.0,565875.0,65076.0,693.0,36372.0,45054.0,67.0,4410506.0,57.8,13752.0,8225.0,31031.0,77211.0,3246.0,41455.0,11376.0,6129.0,4188.0,17460.0,317.0,8571.0,-985.0,58.0,28058.0,13335.0,12388.0,19595.0,36767.0,8812.0,19427.0,24609.0,-131.0,205878.0,222820.0
British Columbia_2010,261339.0,562740.0,64728.0,552.0,35958.0,43819.0,60.0,4465546.0,57.7,14393.0,8667.0,31413.0,80682.0,3173.0,41761.0,12170.0,7237.0,4611.0,17494.0,240.0,9222.0,-863.0,-92.0,31700.0,14396.0,12157.0,20828.0,42271.0,9767.0,18984.0,26398.0,-137.0,211749.0,231029.0
British Columbia_2011,268887.0,579111.0,70272.0,2226.0,36108.0,44146.0,59.0,4502104.0,58.1,14564.0,9062.0,31495.0,82879.0,3351.0,42612.0,13734.0,7500.0,4657.0,17987.0,247.0,7334.0,564.0,171.0,33180.0,14326.0,13116.0,22278.0,45024.0,10476.0,18984.0,26350.0,-108.0,218203.0,235419.0
British Columbia_2012,273123.0,569736.0,71865.0,2085.0,36021.0,44107.0,63.0,4566769.0,58.3,15063.0,9150.0,31561.0,84975.0,3396.0,43344.0,14937.0,7812.0,4134.0,19282.0,280.0,8041.0,500.0,22.0,34647.0,14531.0,13701.0,22562.0,47586.0,11146.0,19417.0,26533.0,-6.0,223329.0,241975.0
British Columbia_2013,273093.0,564528.0,74310.0,2061.0,35613.0,43817.0,76.0,4630077.0,58.5,15795.0,9402.0,31971.0,87169.0,3448.0,43347.0,14618.0,7182.0,4243.0,19396.0,369.0,7339.0,1157.0,-81.0,36895.0,14974.0,13612.0,22822.0,46891.0,11729.0,18783.0,28265.0,162.0,228310.0,244269.0
British Columbia_2014,276726.0,558984.0,76074.0,2031.0,35505.0,44397.0,82.0,4707103.0,58.7,16955.0,9874.0,32801.0,89779.0,3418.0,42520.0,16070.0,7814.0,4030.0,20558.0,403.0,7817.0,856.0,27.0,39096.0,16711.0,13943.0,25146.0,49574.0,12206.0,17366.0,31969.0,-38.0,236696.0,251975.0
British Columbia_2015,271272.0,552786.0,80637.0,2220.0,35757.0,44315.0,68.0,4776388.0,59.3,18329.0,10643.0,33998.0,92402.0,3637.0,43451.0,14103.0,6832.0,3367.0,22528.0,395.0,7694.0,101.0,46.0,39637.0,17002.0,13153.0,24313.0,49561.0,12515.0,16871.0,30949.0,-129.0,241509.0,257194.0
British Columbia_2016,273408.0,553374.0,81660.0,2247.0,36111.0,45298.0,99.0,4859250.0,59.9,19499.0,10957.0,34852.0,95087.0,4015.0,44179.0,12661.0,7744.0,3420.0,25916.0,329.0,7859.0,-174.0,55.0,40780.0,17530.0,12922.0,25885.0,52808.0,13075.0,18125.0,31334.0,199.0,248262.0,266460.0
British Columbia_2017,277974.0,557625.0,83469.0,2316.0,-1.0,44648.0,125.0,4929384.0,60.7,21152.0,11454.0,36328.0,99120.0,3993.0,45171.0,14297.0,8036.0,3580.0,25970.0,326.0,8520.0,1668.0,-35.0,41307.0,19083.0,12589.0,26748.0,55880.0,12409.0,19154.0,34092.0,-76.0,257724.0,277778.0
British Columbia_2018,286914.0,563241.0,84999.0,2259.0,-1.0,43599.0,137.0,5010476.0,61.3,21832.0,12188.0,36920.0,102701.0,4173.0,46601.0,14310.0,8633.0,4224.0,25551.0,347.0,9579.0,2208.0,419.0,42326.0,20537.0,13380.0,27292.0,58109.0,12789.0,20201.0,34843.0,-57.0,266882.0,286780.0
British Columbia_2019,295320.0,568980.0,86082.0,2307.0,-1.0,43452.0,224.0,5094796.0,61.6,21518.0,12487.0,37020.0,105407.0,4279.0,47874.0,19758.0,9641.0,4900.0,24876.0,333.0,9663.0,1990.0,470.0,41271.0,23131.0,13027.0,28469.0,59584.0,13790.0,21116.0,36724.0,144.0,273941.0,297493.0
British Columbia_2020,297432.0,576000.0,87222.0,2454.0,-1.0,42251.0,133.0,5158728.0,62.3,21251.0,12132.0,39185.0,97698.0,4351.0,49720.0,21428.0,7804.0,4784.0,25691.0,323.0,10033.0,-752.0,440.0,37716.0,17465.0,15353.0,26013.0,57624.0,9859.0,20746.0,35781.0,-56.0,265831.0,294349.0
British Columbia_2021,287523.0,568284.0,87291.0,5550.0,-1.0,43999.0,55.0,5214805.0,62.6,23544.0,14616.0,40246.0,104360.0,4478.0,53629.0,22514.0,8240.0,5143.0,29447.0,315.0,11603.0,1692.0,-8.0,40026.0,18112.0,13677.0,27554.0,66525.0,9070.0,21865.0,39506.0,10.0,282111.0,318273.0
Manitoba_1991,-1.0,-1.0,-1.0,-1.0,-1.0,17718.0,10.0,-1.0,-1.0,1647.0,1127.0,6850.0,11298.0,467.0,11912.0,1790.0,840.0,211.0,1536.0,35.0,1443.0,-405.0,13.0,5117.0,565.0,3163.0,5101.0,3965.0,1202.0,5214.0,4927.0,279.0,37004.0,38105.0
Manitoba_1992,-1.0,-1.0,-1.0,-1.0,-1.0,17059.0,14.0,-1.0,-1.0,1653.0,1124.0,6778.0,11510.0,506.0,11711.0,1585.0,810.0,232.0,1556.0,31.0,1461.0,-443.0,7.0,5462.0,630.0,3348.0,5651.0,4175.0,1220.0,5099.0,5006.0,-172.0,37272.0,37953.0
Manitoba_1993,43260.0,-1.0,-1.0,-1.0,-1.0,17141.0,14.0,-1.0,-1.0,1655.0,1159.0,6900.0,11738.0,499.0,11539.0,1325.0,931.0,287.0,1788.0,35.0,1375.0,-176.0,-231.0,5641.0,661.0,3169.0,5507.0,4481.0,1297.0,4924.0,5342.0,37.0,37304.0,38378.0
Manitoba_1994,42675.0,-1.0,-1.0,-1.0,-1.0,16844.0,14.0,-1.0,-1.0,1720.0,1179.0,7003.0,12082.0,461.0,11282.0,1314.0,800.0,346.0,2072.0,37.0,1544.0,53.0,452.0,6232.0,859.0,3785.0,5745.0,5341.0,1254.0,5320.0,5401.0,79.0,38774.0,38839.0
Manitoba_1995,41058.0,-1.0,-1.0,-1.0,-1.0,16442.0,19.0,-1.0,-1.0,1754.0,1238.0,7097.0,12360.0,551.0,11298.0,1578.0,942.0,333.0,1837.0,37.0,1498.0,146.0,83.0,6361.0,828.0,4259.0,5681.0,6057.0,1344.0,5259.0,5614.0,132.0,38795.0,39704.0
Manitoba_1996,38379.0,-1.0,-1.0,-1.0,-1.0,15816.0,16.0,-1.0,-1.0,1902.0,1235.0,7162.0,12389.0,590.0,11245.0,1941.0,1067.0,384.0,2069.0,41.0,1430.0,103.0,507.0,6908.0,936.0,4514.0,5606.0,6010.0,1440.0,6215.0,5788.0,-26.0,39800.0,40683.0
Manitoba_1997,37797.0,-1.0,-1.0,-1.0,-1.0,14947.0,17.0,-1.0,-1.0,2140.0,1273.0,7209.0,12787.0,721.0,11311.0,2259.0,1486.0,316.0,1892.0,82.0,1247.0,778.0,-138.0,8414.0,1025.0,4568.0,5595.0,7249.0,1483.0,6599.0,6248.0,266.0,41525.0,42414.0
Manitoba_1998,37068.0,192309.0,-1.0,-1.0,-1.0,14853.0,18.0,-1.0,-1.0,2158.0,1306.0,7226.0,12950.0,783.0,11579.0,2389.0,1474.0,365.0,1872.0,44.0,1319.0,-235.0,129.0,9346.0,1146.0,4954.0,6480.0,7519.0,1426.0,6477.0,6441.0,236.0,43381.0,43096.0
Manitoba_1999,37428.0,192630.0,-1.0,-1.0,-1.0,14758.0,11.0,-1.0,-1.0,2211.0,1340.0,7341.0,13170.0,846.0,11846.0,2108.0,1631.0,457.0,1781.0,84.0,1543.0,350.0,31.0,9074.0,1251.0,5161.0,6750.0,7603.0,1441.0,7294.0,6748.0,59.0,43990.0,44182.0
Manitoba_2000,38241.0,197067.0,-1.0,-1.0,-1.0,14592.0,19.0,-1.0,-1.0,2299.0,1379.0,7470.0,13395.0,871.0,12232.0,1675.0,1862.0,399.0,1814.0,64.0,1456.0,35.0,413.0,9539.0,1152.0,5714.0,7243.0,7868.0,1554.0,7179.0,6902.0,167.0,45856.0,44972.0
Manitoba_2001,40641.0,189912.0,-1.0,-1.0,-1.0,14459.0,9.0,1151454.0,71.0,2409.0,1453.0,7533.0,13516.0,884.0,12484.0,1914.0,1797.0,470.0,2027.0,72.0,1557.0,-249.0,-214.0,9965.0,1178.0,5898.0,7241.0,7564.0,1497.0,8016.0,7118.0,160.0,46346.0,46067.0
Manitoba_2002,43008.0,188907.0,-1.0,-1.0,14139.0,14315.0,20.0,1156680.0,70.2,2648.0,1526.0,7694.0,13722.0,952.0,12752.0,1787.0,1797.0,453.0,2245.0,94.0,1524.0,93.0,-185.0,10168.0,1232.0,5906.0,6953.0,8095.0,1529.0,7878.0,7254.0,96.0,47142.0,47186.0
Manitoba_2003,44667.0,186894.0,-1.0,-1.0,14445.0,14378.0,15.0,1163596.0,69.5,2707.0,1568.0,7821.0,13913.0,969.0,13290.0,1862.0,1727.0,526.0,2388.0,82.0,1596.0,378.0,764.0,10314.0,1226.0,6098.0,6959.0,8743.0,1608.0,8523.0,7471.0,10.0,47766.0,48331.0
Manitoba_2004,47931.0,186288.0,-1.0,-1.0,14280.0,14288.0,6.0,1173238.0,68.6,2852.0,1654.0,7996.0,14340.0,837.0,13609.0,1886.0,1978.0,534.0,2641.0,50.0,1659.0,331.0,-200.0,10851.0,1133.0,6404.0,7218.0,9214.0,1681.0,8345.0,7999.0,14.0,48948.0,50011.0
Manitoba_2005,49692.0,184353.0,-1.0,-1.0,14211.0,14568.0,13.0,1178264.0,68.0,3005.0,1729.0,7990.0,14905.0,873.0,13678.0,1652.0,1945.0,680.0,2801.0,108.0,1844.0,188.0,-339.0,11685.0,1350.0,6049.0,7479.0,9757.0,1786.0,8111.0,8297.0,119.0,50322.0,51233.0
Manitoba_2006,55452.0,182370.0,-1.0,-1.0,14250.0,14997.0,12.0,1183562.0,67.6,3147.0,1876.0,8082.0,15390.0,899.0,13732.0,2201.0,2032.0,585.0,2918.0,109.0,2183.0,668.0,601.0,12012.0,1365.0,6349.0,8043.0,10380.0,2016.0,8626.0,9057.0,-16.0,52166.0,53149.0
Manitoba_2007,50085.0,180042.0,12546.0,1176.0,14346.0,15693.0,5.0,1189451.0,67.3,3427.0,2002.0,8382.0,16090.0,948.0,14109.0,2221.0,2295.0,685.0,3105.0,73.0,2445.0,338.0,-260.0,13556.0,1377.0,7196.0,8281.0,12204.0,2044.0,9899.0,9105.0,5.0,53501.0,55841.0
Manitoba_2008,49305.0,179319.0,12780.0,1236.0,14322.0,15912.0,3.0,1197775.0,67.2,3723.0,2145.0,8542.0,16465.0,1076.0,14906.0,2894.0,2331.0,716.0,3141.0,88.0,2648.0,278.0,372.0,13467.0,1297.0,7338.0,8212.0,13254.0,2219.0,9213.0,9731.0,-4.0,55454.0,58720.0
Manitoba_2009,51300.0,177960.0,12951.0,1290.0,14334.0,16363.0,8.0,1208556.0,67.1,3695.0,2157.0,8717.0,16685.0,1010.0,15063.0,3004.0,1897.0,585.0,3118.0,100.0,2502.0,-311.0,94.0,12991.0,1452.0,8192.0,7769.0,11238.0,1948.0,10300.0,10159.0,-20.0,55370.0,58512.0
Manitoba_2010,54945.0,177498.0,13206.0,1677.0,14433.0,16249.0,6.0,1220780.0,66.8,3826.0,2252.0,8902.0,17416.0,973.0,15047.0,3680.0,2135.0,749.0,3313.0,106.0,3037.0,86.0,-785.0,12907.0,1578.0,8350.0,7953.0,12572.0,2140.0,10037.0,10530.0,-51.0,56727.0,61418.0
Manitoba_2011,62001.0,177678.0,13398.0,1635.0,13065.0,16039.0,6.0,1233649.0,66.7,3969.0,2335.0,8986.0,17878.0,1080.0,15761.0,3497.0,2254.0,701.0,3396.0,95.0,2934.0,368.0,-734.0,13782.0,1580.0,8309.0,8033.0,13357.0,2162.0,10247.0,10831.0,-35.0,58087.0,62880.0
Manitoba_2012,60702.0,178917.0,13416.0,1815.0,13479.0,16791.0,9.0,1249975.0,66.9,4195.0,2429.0,8901.0,18382.0,1093.0,16257.0,3334.0,2694.0,740.0,3559.0,95.0,3148.0,17.0,842.0,13403.0,1654.0,8929.0,8177.0,14679.0,2384.0,9961.0,10973.0,-41.0,59846.0,64827.0
Manitoba_2013,61533.0,179289.0,13491.0,2388.0,13662.0,16909.0,5.0,1264620.0,67.1,4498.0,2462.0,9053.0,18811.0,1160.0,16108.0,3379.0,2817.0,750.0,3747.0,104.0,2872.0,438.0,960.0,13189.0,1738.0,9602.0,7781.0,14990.0,2639.0,10096.0,10679.0,3.0,61583.0,65752.0
Manitoba_2014,62211.0,179106.0,13515.0,2808.0,13707.0,16978.0,6.0,1279014.0,67.3,4766.0,2554.0,9194.0,19274.0,1123.0,15859.0,4129.0,2889.0,687.0,3736.0,129.0,2615.0,383.0,146.0,13779.0,1873.0,9094.0,8582.0,15036.0,2618.0,9660.0,11156.0,-13.0,62853.0,66930.0
Manitoba_2015,61974.0,179733.0,13641.0,2964.0,13908.0,17123.0,11.0,1292227.0,67.7,4820.0,2645.0,9203.0,19638.0,1221.0,15965.0,4337.0,2924.0,682.0,3504.0,94.0,2766.0,-84.0,360.0,13375.0,1990.0,8419.0,8836.0,14912.0,2754.0,9255.0,10640.0,-11.0,63628.0,67768.0
Manitoba_2016,63192.0,181023.0,13833.0,3276.0,14097.0,17386.0,14.0,1314139.0,68.0,4858.0,2668.0,9342.0,19968.0,1301.0,16160.0,4161.0,2475.0,652.0,3563.0,82.0,2802.0,373.0,-142.0,13404.0,2171.0,8324.0,8650.0,14228.0,2764.0,9383.0,10395.0,-10.0,64549.0,67976.0
Manitoba_2017,62952.0,183015.0,13818.0,3390.0,-1.0,17471.0,29.0,1334790.0,68.4,5141.0,2793.0,9673.0,20597.0,1325.0,16505.0,4265.0,2727.0,682.0,3929.0,80.0,2631.0,285.0,144.0,13356.0,2308.0,9433.0,8707.0,15295.0,2758.0,9469.0,10865.0,-17.0,66670.0,70289.0
Manitoba_2018,62802.0,184710.0,14196.0,3639.0,-1.0,17506.0,36.0,1352825.0,69.0,5229.0,2875.0,9923.0,20993.0,1364.0,16803.0,4450.0,2580.0,841.0,4006.0,79.0,2244.0,500.0,-29.0,13607.0,2537.0,9241.0,9002.0,15602.0,2823.0,9343.0,10974.0,15.0,68003.0,71313.0
Manitoba_2019,63363.0,186522.0,14022.0,3708.0,-1.0,17144.0,42.0,1369954.0,69.6,5188.0,2885.0,9986.0,21398.0,1353.0,17078.0,4290.0,2595.0,848.0,4078.0,77.0,2091.0,712.0,-67.0,13156.0,2720.0,10155.0,8917.0,15352.0,2951.0,9316.0,11583.0,7.0,68813.0,71804.0
Manitoba_2020,65037.0,187893.0,14325.0,3690.0,-1.0,16883.0,25.0,1380648.0,70.1,5095.0,2592.0,10236.0,19012.0,1355.0,17597.0,3304.0,2165.0,830.0,4159.0,76.0,2232.0,-675.0,-155.0,12624.0,2379.0,9182.0,8637.0,14034.0,2134.0,8995.0,10703.0,10.0,65763.0,68608.0
Manitoba_2021,63363.0,179874.0,14184.0,8025.0,-1.0,14552.0,9.0,1383765.0,70.3,5650.0,3132.0,10328.0,19914.0,1347.0,18856.0,2491.0,2429.0,891.0,4719.0,79.0,2187.0,55.0,-775.0,11922.0,2154.0,10118.0,8515.0,15091.0,2087.0,9551.0,11211.0,13.0,66917.0,71969.0
New Brunswick_1991,-1.0,-1.0,-1.0,-1.0,-1.0,9644.0,7.0,-1.0,-1.0,1158.0,733.0,4955.0,5905.0,228.0,7950.0,1187.0,537.0,106.0,885.0,23.0,1089.0,-26.0,-12.0,6321.0,342.0,4581.0,2624.0,6199.0,439.0,5060.0,4777.0,59.0,21546.0,24008.0
New Brunswick_1992,-1.0,-1.0,-1.0,-1.0,-1.0,9554.0,14.0,-1.0,-1.0,1165.0,740.0,4973.0,6058.0,221.0,8015.0,614.0,640.0,110.0,938.0,22.0,1057.0,-149.0,35.0,7030.0,398.0,4823.0,2745.0,6907.0,484.0,4882.0,4668.0,17.0,21842.0,23991.0
New Brunswick_1993,28029.0,-1.0,-1.0,-1.0,-1.0,9184.0,13.0,-1.0,-1.0,1195.0,752.0,5043.0,6167.0,222.0,8362.0,466.0,573.0,128.0,943.0,20.0,1151.0,9.0,-34.0,7272.0,484.0,5145.0,2811.0,7887.0,542.0,4364.0,4757.0,45.0,22523.0,24371.0
New Brunswick_1994,28350.0,-1.0,-1.0,-1.0,-1.0,9098.0,16.0,-1.0,-1.0,1177.0,760.0,5110.0,6275.0,218.0,8221.0,636.0,436.0,166.0,965.0,26.0,1108.0,-14.0,-15.0,7468.0,561.0,5824.0,2990.0,8504.0,577.0,4501.0,4438.0,80.0,22983.0,24311.0
New Brunswick_1995,28386.0,-1.0,-1.0,-1.0,-1.0,8748.0,11.0,-1.0,-1.0,1206.0,800.0,5169.0,6454.0,214.0,8058.0,887.0,525.0,173.0,797.0,22.0,1240.0,-8.0,12.0,8110.0,585.0,6065.0,3048.0,8769.0,574.0,4804.0,4548.0,57.0,23762.0,24857.0
New Brunswick_1996,28650.0,-1.0,-1.0,-1.0,-1.0,8338.0,15.0,-1.0,-1.0,1245.0,818.0,5251.0,6617.0,227.0,7911.0,948.0,608.0,199.0,906.0,26.0,1200.0,-13.0,19.0,8606.0,704.0,5909.0,3212.0,9144.0,641.0,5006.0,4708.0,-35.0,24010.0,25378.0
New Brunswick_1997,28608.0,-1.0,-1.0,-1.0,-1.0,8090.0,11.0,-1.0,-1.0,1404.0,834.0,5284.0,6647.0,283.0,7881.0,692.0,634.0,184.0,961.0,23.0,1038.0,213.0,17.0,8940.0,853.0,5803.0,3161.0,9767.0,658.0,5123.0,4670.0,118.0,24232.0,25428.0
New Brunswick_1998,27957.0,131586.0,-1.0,-1.0,-1.0,8043.0,13.0,-1.0,-1.0,1509.0,876.0,5369.0,6799.0,304.0,8281.0,1006.0,830.0,203.0,940.0,15.0,1058.0,1.0,-4.0,9560.0,920.0,5947.0,3417.0,10441.0,676.0,5390.0,4939.0,-59.0,25060.0,26873.0
New Brunswick_1999,28131.0,129129.0,-1.0,-1.0,-1.0,7724.0,11.0,-1.0,-1.0,1639.0,911.0,5523.0,6979.0,354.0,8485.0,1752.0,900.0,205.0,986.0,22.0,1267.0,336.0,-20.0,10211.0,1011.0,6128.0,3680.0,11595.0,713.0,5923.0,5359.0,44.0,26629.0,28686.0
New Brunswick_2000,27903.0,127002.0,-1.0,-1.0,-1.0,7535.0,9.0,-1.0,-1.0,1703.0,941.0,5591.0,7243.0,359.0,8434.0,1522.0,989.0,210.0,1194.0,23.0,1173.0,371.0,21.0,11161.0,989.0,5712.0,3844.0,11979.0,721.0,6016.0,5464.0,-23.0,27184.0,29169.0
New Brunswick_2001,29916.0,124944.0,-1.0,-1.0,-1.0,7337.0,10.0,749820.0,60.5,1686.0,959.0,5569.0,7378.0,366.0,8551.0,810.0,870.0,232.0,1331.0,26.0,1070.0,101.0,-8.0,12965.0,1082.0,6362.0,3982.0,12794.0,750.0,6265.0,5293.0,-100.0,27683.0,28624.0
New Brunswick_2002,32928.0,122790.0,-1.0,-1.0,7419.0,7185.0,8.0,749372.0,59.9,1777.0,1005.0,5713.0,7573.0,372.0,8698.0,789.0,864.0,242.0,1519.0,31.0,1024.0,-5.0,25.0,13898.0,1231.0,6307.0,4120.0,12801.0,711.0,6645.0,5373.0,-126.0,28999.0,29387.0
New Brunswick_2003,32235.0,120600.0,-1.0,-1.0,7473.0,7244.0,11.0,749441.0,59.3,1803.0,1018.0,5723.0,7773.0,353.0,8806.0,1190.0,900.0,204.0,1600.0,27.0,1061.0,89.0,-9.0,14388.0,1255.0,6627.0,4060.0,12951.0,771.0,7197.0,5648.0,-50.0,29722.0,30205.0
New Brunswick_2004,33348.0,118869.0,-1.0,-1.0,7509.0,7083.0,6.0,749419.0,58.8,1863.0,1057.0,5844.0,8011.0,326.0,8901.0,880.0,1195.0,289.0,1692.0,16.0,1183.0,73.0,-19.0,15078.0,1201.0,6434.0,4250.0,13438.0,830.0,6809.0,6321.0,-22.0,30475.0,31165.0
New Brunswick_2005,34599.0,117147.0,-1.0,-1.0,7509.0,6965.0,2.0,748057.0,58.5,1917.0,1105.0,5787.0,8297.0,352.0,9108.0,905.0,1310.0,337.0,1696.0,42.0,1308.0,41.0,20.0,15183.0,1282.0,6046.0,4620.0,14040.0,928.0,6778.0,6521.0,-26.0,30716.0,32117.0
New Brunswick_2006,33615.0,114819.0,-1.0,-1.0,7629.0,7084.0,3.0,745621.0,58.6,2040.0,1194.0,5847.0,8565.0,371.0,9244.0,1645.0,1461.0,369.0,1713.0,43.0,1428.0,148.0,40.0,14316.0,1221.0,5680.0,5100.0,13471.0,1028.0,7278.0,7149.0,43.0,31348.0,33904.0
New Brunswick_2007,30939.0,112011.0,0.0,513.0,7899.0,7226.0,6.0,745433.0,58.8,2167.0,1260.0,6041.0,8913.0,356.0,9493.0,1696.0,1367.0,442.0,1867.0,29.0,1977.0,-36.0,-30.0,14336.0,1301.0,6773.0,4256.0,13672.0,1051.0,8341.0,7511.0,-27.0,31644.0,35567.0
New Brunswick_2008,30792.0,110289.0,816.0,528.0,8079.0,7462.0,1.0,746877.0,58.9,2366.0,1311.0,6115.0,9200.0,360.0,9827.0,2249.0,1418.0,388.0,1855.0,33.0,1378.0,44.0,-28.0,13938.0,1295.0,6110.0,4243.0,13827.0,992.0,7992.0,7435.0,-21.0,31887.0,36476.0
New Brunswick_2009,30282.0,108408.0,819.0,492.0,7998.0,7491.0,1.0,749956.0,59.1,2391.0,1328.0,6239.0,9326.0,352.0,9807.0,1601.0,1347.0,327.0,1797.0,35.0,1393.0,-22.0,4.0,13713.0,992.0,5830.0,4601.0,15274.0,1071.0,6340.0,6818.0,-32.0,31425.0,35912.0
New Brunswick_2010,31434.0,106392.0,795.0,531.0,7803.0,7467.0,0.0,753035.0,59.1,2535.0,1392.0,6247.0,9565.0,356.0,10179.0,1235.0,1453.0,344.0,1844.0,46.0,1772.0,223.0,13.0,14427.0,978.0,6569.0,4614.0,16312.0,1166.0,7004.0,7193.0,-32.0,32050.0,36956.0
New Brunswick_2011,32934.0,104421.0,753.0,549.0,7683.0,7206.0,2.0,755705.0,59.4,2599.0,1393.0,6382.0,9745.0,357.0,9872.0,1023.0,1633.0,357.0,1818.0,47.0,2228.0,255.0,-47.0,13136.0,1011.0,7366.0,4751.0,16089.0,1131.0,7311.0,7289.0,-17.0,32136.0,37451.0
New Brunswick_2012,33069.0,102579.0,768.0,660.0,7449.0,7115.0,1.0,758378.0,60.2,2657.0,1452.0,6261.0,9945.0,356.0,9759.0,1026.0,1265.0,311.0,1824.0,57.0,1674.0,88.0,40.0,13927.0,1043.0,6570.0,4571.0,17366.0,1167.0,5750.0,6769.0,-20.0,31796.0,36587.0
New Brunswick_2013,32610.0,101079.0,750.0,627.0,6900.0,7008.0,3.0,758544.0,61.3,2784.0,1487.0,6320.0,10126.0,364.0,9610.0,943.0,1353.0,288.0,1687.0,22.0,1408.0,86.0,4.0,14162.0,1103.0,6286.0,4492.0,18434.0,1117.0,5178.0,6123.0,-11.0,31710.0,36390.0
New Brunswick_2014,32589.0,99921.0,765.0,678.0,6843.0,7007.0,3.0,758976.0,62.5,2887.0,1538.0,6462.0,10229.0,362.0,9464.0,816.0,1314.0,321.0,1636.0,32.0,1472.0,177.0,13.0,13873.0,1264.0,5573.0,5098.0,17986.0,1218.0,4807.0,6734.0,6.0,31747.0,36525.0
New Brunswick_2015,28455.0,98907.0,762.0,693.0,7023.0,6637.0,2.0,758842.0,63.8,2998.0,1590.0,6550.0,10305.0,369.0,9598.0,823.0,1389.0,278.0,1652.0,26.0,1354.0,11.0,21.0,13606.0,1183.0,5680.0,4640.0,17198.0,1242.0,4987.0,6680.0,-7.0,31954.0,36920.0
New Brunswick_2016,27540.0,97911.0,1110.0,705.0,7515.0,6673.0,8.0,763350.0,65.2,3083.0,1575.0,6597.0,10392.0,415.0,9895.0,850.0,1090.0,312.0,1656.0,21.0,1537.0,266.0,5.0,12610.0,1185.0,5886.0,4765.0,17215.0,1255.0,4786.0,6817.0,30.0,32213.0,37398.0
New Brunswick_2017,27369.0,97842.0,1134.0,762.0,-1.0,6539.0,4.0,766621.0,66.6,3224.0,1622.0,6733.0,10724.0,421.0,10071.0,1084.0,1284.0,363.0,1715.0,16.0,1648.0,186.0,8.0,13339.0,1238.0,6242.0,4792.0,18512.0,1287.0,4936.0,7121.0,-3.0,33014.0,38900.0
New Brunswick_2018,27057.0,97755.0,1218.0,801.0,-1.0,6389.0,2.0,770301.0,68.0,3177.0,1648.0,6798.0,10927.0,435.0,10393.0,1156.0,1476.0,404.0,1775.0,19.0,1726.0,214.0,-4.0,12113.0,1210.0,6173.0,4712.0,18180.0,1357.0,4479.0,7151.0,-19.0,33401.0,39944.0
New Brunswick_2019,26790.0,97893.0,1257.0,834.0,-1.0,6314.0,3.0,777128.0,69.4,3264.0,1703.0,6872.0,11062.0,446.0,10630.0,1094.0,1300.0,412.0,1848.0,25.0,1284.0,260.0,31.0,12509.0,1340.0,6385.0,4483.0,18321.0,1376.0,4438.0,7179.0,17.0,33846.0,39924.0
New Brunswick_2020,27909.0,98967.0,1272.0,942.0,-1.0,6218.0,4.0,783204.0,70.8,3126.0,1712.0,7082.0,10359.0,449.0,10875.0,1130.0,1006.0,422.0,1991.0,23.0,1434.0,-586.0,39.0,12080.0,1109.0,5870.0,4701.0,17318.0,1059.0,4818.0,6912.0,-3.0,32937.0,39578.0
New Brunswick_2021,27099.0,97263.0,1530.0,2631.0,-1.0,6353.0,2.0,789225.0,71.7,3425.0,1919.0,7036.0,10775.0,455.0,11413.0,1057.0,1088.0,439.0,2372.0,28.0,1437.0,-744.0,-62.0,13057.0,1193.0,6082.0,4485.0,17596.0,1117.0,4848.0,7203.0,-13.0,34882.0,41432.0
Newfoundland and Labrador_1991,-1.0,-1.0,-1.0,-1.0,-1.0,7191.0,3.0,-1.0,-1.0,796.0,513.0,3744.0,3884.0,116.0,5740.0,1078.0,332.0,103.0,982.0,41.0,708.0,-69.0,0.0,5921.0,229.0,1492.0,763.0,2458.0,237.0,2759.0,3204.0,209.0,19372.0,17498.0
Newfoundland and Labrador_1992,-1.0,-1.0,-1.0,-1.0,-1.0,6944.0,6.0,-1.0,-1.0,764.0,493.0,3756.0,4015.0,110.0,5852.0,1233.0,329.0,58.0,828.0,37.0,694.0,-106.0,0.0,5075.0,223.0,1258.0,744.0,2218.0,251.0,2652.0,3213.0,149.0,18987.0,17597.0
Newfoundland and Labrador_1993,22683.0,-1.0,-1.0,-1.0,-1.0,6430.0,5.0,-1.0,-1.0,759.0,494.0,3767.0,4058.0,137.0,5694.0,1944.0,233.0,69.0,833.0,29.0,736.0,-73.0,-1.0,5887.0,260.0,905.0,710.0,2537.0,279.0,2525.0,3514.0,130.0,19257.0,18046.0
Newfoundland and Labrador_1994,22548.0,-1.0,-1.0,-1.0,-1.0,6347.0,4.0,-1.0,-1.0,774.0,495.0,3771.0,4137.0,101.0,5725.0,2527.0,228.0,89.0,877.0,43.0,648.0,-55.0,1.0,6284.0,240.0,1149.0,707.0,2823.0,338.0,2785.0,3267.0,73.0,20012.0,18619.0
Newfoundland and Labrador_1995,23346.0,-1.0,-1.0,-1.0,-1.0,5871.0,1.0,-1.0,-1.0,764.0,517.0,3751.0,4264.0,130.0,5590.0,2516.0,346.0,182.0,702.0,32.0,583.0,21.0,0.0,7467.0,271.0,1186.0,733.0,3440.0,343.0,2653.0,3280.0,74.0,20656.0,18747.0
Newfoundland and Labrador_1996,22077.0,-1.0,-1.0,-1.0,-1.0,5780.0,2.0,-1.0,-1.0,746.0,520.0,3735.0,4332.0,125.0,5432.0,1708.0,348.0,191.0,732.0,44.0,499.0,-36.0,0.0,7292.0,309.0,1289.0,673.0,3412.0,341.0,2617.0,3076.0,109.0,19682.0,17887.0
Newfoundland and Labrador_1997,21864.0,-1.0,-1.0,-1.0,-1.0,5424.0,4.0,-1.0,-1.0,893.0,538.0,3668.0,4441.0,165.0,5262.0,1972.0,473.0,126.0,839.0,24.0,469.0,238.0,-1.0,7845.0,393.0,1198.0,717.0,4264.0,384.0,2669.0,3259.0,-124.0,19908.0,18501.0
Newfoundland and Labrador_1998,21948.0,101769.0,-1.0,-1.0,-1.0,5013.0,2.0,-1.0,-1.0,945.0,563.0,3668.0,4594.0,184.0,5651.0,1657.0,512.0,224.0,849.0,15.0,608.0,-37.0,0.0,9110.0,497.0,1625.0,786.0,4825.0,395.0,2419.0,3634.0,-50.0,20895.0,19151.0
Newfoundland and Labrador_1999,22155.0,97557.0,-1.0,-1.0,-1.0,5069.0,3.0,-1.0,-1.0,1051.0,587.0,3732.0,4745.0,209.0,5749.0,2340.0,487.0,505.0,860.0,26.0,795.0,-36.0,3.0,9863.0,465.0,1900.0,757.0,5358.0,420.0,2652.0,4170.0,9.0,22144.0,20752.0
Newfoundland and Labrador_2000,23820.0,94119.0,-1.0,-1.0,-1.0,4877.0,9.0,-1.0,-1.0,1108.0,614.0,3771.0,4944.0,203.0,5952.0,1339.0,867.0,223.0,895.0,26.0,787.0,239.0,0.0,10393.0,486.0,2823.0,886.0,6084.0,423.0,2691.0,3976.0,8.0,23334.0,20731.0
Newfoundland and Labrador_2001,21447.0,90231.0,-1.0,-1.0,-1.0,4717.0,2.0,522046.0,58.4,1188.0,654.0,3821.0,5034.0,195.0,6014.0,1843.0,528.0,218.0,1014.0,31.0,806.0,147.0,1.0,8352.0,495.0,4992.0,819.0,5612.0,465.0,2648.0,4126.0,36.0,23894.0,21098.0
Newfoundland and Labrador_2002,24126.0,86973.0,-1.0,-1.0,8034.0,4678.0,8.0,519481.0,57.6,1245.0,686.0,3905.0,5185.0,214.0,6155.0,1323.0,612.0,329.0,1187.0,35.0,907.0,-202.0,0.0,12495.0,555.0,5755.0,940.0,6030.0,439.0,2836.0,3903.0,94.0,27746.0,21617.0
Newfoundland and Labrador_2003,26196.0,84339.0,-1.0,-1.0,7920.0,4628.0,2.0,518459.0,56.6,1307.0,718.0,3985.0,5337.0,229.0,6232.0,1580.0,750.0,376.0,1274.0,29.0,638.0,101.0,1.0,13120.0,541.0,7298.0,1024.0,6468.0,503.0,2968.0,4341.0,11.0,29562.0,22319.0
Newfoundland and Labrador_2004,26751.0,81510.0,-1.0,-1.0,7737.0,4501.0,6.0,517423.0,55.9,1285.0,745.0,3982.0,5507.0,221.0,6132.0,1984.0,965.0,240.0,1443.0,18.0,519.0,117.0,2.0,12796.0,543.0,7298.0,1156.0,7099.0,527.0,2969.0,4495.0,37.0,29354.0,22938.0
Newfoundland and Labrador_2005,25335.0,79482.0,-1.0,-1.0,7320.0,4515.0,11.0,514332.0,55.4,1327.0,756.0,3962.0,5650.0,228.0,6226.0,2166.0,986.0,413.0,1450.0,43.0,657.0,147.0,0.0,12164.0,540.0,7869.0,1256.0,7079.0,526.0,2953.0,4701.0,-47.0,30187.0,23767.0
Newfoundland and Labrador_2006,29436.0,76806.0,-1.0,-1.0,7401.0,4571.0,9.0,510592.0,55.3,1373.0,794.0,3993.0,5814.0,237.0,6357.0,1550.0,832.0,739.0,1451.0,44.0,693.0,204.0,1.0,13069.0,532.0,8202.0,1306.0,7128.0,575.0,2935.0,4737.0,-33.0,31391.0,23791.0
Newfoundland and Labrador_2007,26904.0,74343.0,834.0,0.0,7485.0,4574.0,3.0,509055.0,55.5,1579.0,850.0,4107.0,6016.0,220.0,7109.0,1173.0,899.0,544.0,1567.0,9.0,794.0,214.0,0.0,15934.0,539.0,8452.0,1354.0,7538.0,596.0,3227.0,4506.0,-7.0,34929.0,24802.0
Newfoundland and Labrador_2008,27156.0,72108.0,825.0,-1.0,7542.0,4901.0,4.0,511581.0,55.7,1804.0,919.0,4236.0,6172.0,244.0,6809.0,1759.0,977.0,418.0,1611.0,32.0,893.0,-57.0,-2.0,16549.0,544.0,7593.0,1343.0,7816.0,608.0,3400.0,4911.0,-4.0,34404.0,25856.0
Newfoundland and Labrador_2009,27129.0,70641.0,852.0,-1.0,7722.0,4928.0,8.0,516751.0,56.0,1854.0,966.0,4375.0,6308.0,251.0,7362.0,1614.0,779.0,300.0,1629.0,40.0,1136.0,-212.0,-1.0,13366.0,681.0,5482.0,1442.0,7701.0,629.0,3071.0,4585.0,-43.0,30954.0,26564.0
Newfoundland and Labrador_2010,27462.0,69663.0,732.0,-1.0,7635.0,4885.0,3.0,522009.0,55.8,2026.0,988.0,4418.0,6542.0,244.0,7563.0,1599.0,1016.0,644.0,1847.0,47.0,1366.0,268.0,0.0,13003.0,630.0,6773.0,1484.0,8651.0,744.0,3079.0,5112.0,-50.0,32639.0,28288.0
Newfoundland and Labrador_2011,28500.0,68655.0,873.0,75.0,7605.0,4496.0,5.0,524999.0,56.6,2097.0,1020.0,4463.0,6758.0,259.0,7572.0,2822.0,1448.0,562.0,1872.0,46.0,1322.0,206.0,0.0,13320.0,610.0,6577.0,1770.0,9141.0,944.0,3534.0,5339.0,-46.0,33531.0,30241.0
Newfoundland and Labrador_2012,28188.0,67827.0,753.0,105.0,7584.0,4404.0,5.0,526345.0,57.5,2211.0,1069.0,4493.0,6960.0,257.0,7458.0,4388.0,1206.0,852.0,1962.0,42.0,1375.0,-12.0,-2.0,10027.0,684.0,7865.0,1724.0,10588.0,888.0,3526.0,5618.0,-44.0,32064.0,32273.0
Newfoundland and Labrador_2013,28500.0,67479.0,708.0,126.0,7380.0,4543.0,5.0,527114.0,58.4,2287.0,1090.0,4614.0,7187.0,247.0,7307.0,5815.0,1532.0,962.0,1844.0,36.0,1216.0,185.0,0.0,12487.0,645.0,6056.0,1673.0,11412.0,1002.0,3162.0,6013.0,45.0,33748.0,34130.0
Newfoundland and Labrador_2014,27207.0,67293.0,966.0,144.0,7650.0,4586.0,7.0,528159.0,59.6,2299.0,1110.0,4738.0,7371.0,232.0,7125.0,6754.0,1353.0,486.0,1643.0,29.0,1270.0,168.0,1.0,11745.0,684.0,5076.0,1700.0,10512.0,920.0,2922.0,6186.0,-4.0,33355.0,34394.0
Newfoundland and Labrador_2015,26742.0,67167.0,957.0,126.0,6948.0,4484.0,4.0,528117.0,60.8,2323.0,1125.0,4764.0,7549.0,248.0,7194.0,6958.0,994.0,706.0,1497.0,24.0,1118.0,57.0,-1.0,11003.0,714.0,4199.0,1674.0,9747.0,905.0,3241.0,5690.0,-3.0,32965.0,34483.0
Newfoundland and Labrador_2016,26979.0,66654.0,966.0,147.0,7161.0,4466.0,9.0,529426.0,62.2,2313.0,1099.0,4739.0,7621.0,270.0,7241.0,8451.0,776.0,611.0,1359.0,15.0,998.0,92.0,1.0,12165.0,846.0,3695.0,1747.0,11866.0,857.0,2837.0,5361.0,-3.0,33461.0,35509.0
Newfoundland and Labrador_2017,25968.0,66183.0,1005.0,141.0,-1.0,4097.0,8.0,528249.0,63.9,2333.0,1101.0,4744.0,7755.0,272.0,7178.0,5445.0,927.0,573.0,1251.0,14.0,1196.0,-46.0,2.0,13123.0,871.0,3634.0,1792.0,9137.0,855.0,2705.0,5434.0,-4.0,33953.0,32718.0
Newfoundland and Labrador_2018,25305.0,65286.0,1077.0,117.0,-1.0,4013.0,9.0,525560.0,65.7,2255.0,1105.0,4742.0,7812.0,280.0,7395.0,3844.0,1020.0,636.0,1182.0,14.0,1310.0,30.0,0.0,14828.0,946.0,2709.0,1822.0,10127.0,865.0,2445.0,5289.0,3.0,33065.0,31521.0
Newfoundland and Labrador_2019,24795.0,64188.0,1005.0,147.0,-1.0,3762.0,5.0,523427.0,67.5,2380.0,1127.0,4787.0,7953.0,284.0,7371.0,3839.0,1341.0,656.0,1111.0,12.0,1443.0,98.0,0.0,16170.0,845.0,2488.0,1760.0,10076.0,852.0,2660.0,5515.0,-4.0,34391.0,32247.0
Newfoundland and Labrador_2020,25083.0,63570.0,1035.0,153.0,-1.0,3586.0,12.0,521364.0,69.1,2324.0,1086.0,4834.0,7134.0,275.0,7540.0,2830.0,828.0,598.0,1146.0,11.0,1212.0,200.0,-1.0,14337.0,967.0,2180.0,1558.0,7620.0,698.0,2678.0,5082.0,-4.0,32796.0,29713.0
Newfoundland and Labrador_2021,26181.0,62964.0,984.0,543.0,-1.0,3833.0,6.0,520553.0,70.5,2477.0,1281.0,4850.0,7480.0,268.0,8216.0,2071.0,1035.0,496.0,1288.0,12.0,1130.0,-59.0,4.0,13629.0,793.0,2412.0,1525.0,7467.0,625.0,2613.0,5149.0,-3.0,33006.0,30460.0
Northwestern_1991,-1.0,-1.0,-1.0,-1.0,-1.0,-1.0,-1.0,-1.0,-1.0,-1.0,-1.0,-1.0,-1.0,-1.0,-1.0,-1.0,-1.0,-1.0,-1.0,-1.0,-1.0,-1.0,-1.0,-1.0,-1.0,-1.0,-1.0,-1.0,-1.0,-1.0,-1.0,-1.0,-1.0,-1.0
Northwestern_1992,-1.0,-1.0,-1.0,-1.0,-1.0,-1.0,-1.0,-1.0,-1.0,-1.0,-1.0,-1.0,-1.0,-1.0,-1.0,-1.0,-1.0,-1.0,-1.0,-1.0,-1.0,-1.0,-1.0,-1.0,-1.0,-1.0,-1.0,-1.0,-1.0,-1.0,-1.0,-1.0,-1.0,-1.0
Northwestern_1993,1455.0,-1.0,-1.0,-1.0,-1.0,-1.0,-1.0,-1.0,-1.0,-1.0,-1.0,-1.0,-1.0,-1.0,-1.0,-1.0,-1.0,-1.0,-1.0,-1.0,-1.0,-1.0,-1.0,-1.0,-1.0,-1.0,-1.0,-1.0,-1.0,-1.0,-1.0,-1.0,-1.0,-1.0
Northwestern_1994,1899.0,-1.0,-1.0,-1.0,-1.0,-1.0,-1.0,-1.0,-1.0,-1.0,-1.0,-1.0,-1.0,-1.0,-1.0,-1.0,-1.0,-1.0,-1.0,-1.0,-1.0,-1.0,-1.0,-1.0,-1.0,-1.0,-1.0,-1.0,-1.0,-1.0,-1.0,-1.0,-1.0,-1.0
Northwestern_1995,2253.0,-1.0,-1.0,-1.0,-1.0,-1.0,-1.0,-1.0,-1.0,-1.0,-1.0,-1.0,-1.0,-1.0,-1.0,-1.0,-1.0,-1.0,-1.0,-1.0,-1.0,-1.0,-1.0,-1.0,-1.0,-1.0,-1.0,-1.0,-1.0,-1.0,-1.0,-1.0,-1.0,-1.0
Northwestern_1996,1398.0,-1.0,-1.0,-1.0,-1.0,-1.0,-1.0,-1.0,-1.0,-1.0,-1.0,-1.0,-1.0,-1.0,-1.0,-1.0,-1.0,-1.0,-1.0,-1.0,-1.0,-1.0,-1.0,-1.0,-1.0,-1.0,-1.0,-1.0,-1.0,-1.0,-1.0,-1.0,-1.0,-1.0
Northwestern_1997,1329.0,-1.0,-1.0,-1.0,-1.0,-1.0,-1.0,-1.0,-1.0,-1.0,-1.0,-1.0,-1.0,-1.0,-1.0,-1.0,-1.0,-1.0,-1.0,-1.0,-1.0,-1.0,-1.0,-1.0,-1.0,-1.0,-1.0,-1.0,-1.0,-1.0,-1.0,-1.0,-1.0,-1.0
Northwestern_1998,1464.0,17565.0,-1.0,-1.0,-1.0,-1.0,-1.0,-1.0,-1.0,-1.0,-1.0,-1.0,-1.0,-1.0,-1.0,-1.0,-1.0,-1.0,-1.0,-1.0,-1.0,-1.0,-1.0,-1.0,-1.0,-1.0,-1.0,-1.0,-1.0,-1.0,-1.0,-1.0,-1.0,-1.0
Northwestern_1999,1656.0,18066.0,-1.0,-1.0,-1.0,-1.0,-1.0,-1.0,-1.0,80.0,70.0,383.0,560.0,48.0,1644.0,166.0,90.0,278.0,53.0,0.0,166.0,0.0,0.0,477.0,84.0,773.0,316.0,326.0,63.0,579.0,703.0,-32.0,3369.0,3493.0
Northwestern_2000,1491.0,9753.0,-1.0,-1.0,-1.0,773.0,0.0,-1.0,-1.0,87.0,74.0,387.0,572.0,55.0,1664.0,581.0,94.0,306.0,40.0,0.0,134.0,28.0,0.0,644.0,75.0,941.0,328.0,461.0,73.0,665.0,940.0,-11.0,3594.0,3908.0
Northwestern_2001,1428.0,9672.0,-1.0,-1.0,-1.0,704.0,0.0,40845.0,62.8,89.0,81.0,401.0,594.0,56.0,1778.0,1024.0,124.0,490.0,51.0,0.0,192.0,-25.0,0.0,828.0,76.0,1079.0,356.0,528.0,89.0,843.0,1062.0,-28.0,4350.0,4757.0
Northwestern_2002,1554.0,9705.0,-1.0,-1.0,645.0,709.0,0.0,41699.0,61.0,101.0,82.0,409.0,616.0,44.0,1775.0,570.0,190.0,555.0,118.0,0.0,237.0,-7.0,0.0,1185.0,85.0,933.0,331.0,550.0,84.0,868.0,993.0,-3.0,4654.0,4676.0
Northwestern_2003,1482.0,9747.0,-1.0,-1.0,681.0,730.0,0.0,42600.0,59.4,108.0,85.0,409.0,649.0,63.0,1811.0,400.0,80.0,297.0,98.0,0.0,209.0,66.0,0.0,2000.0,98.0,857.0,417.0,529.0,93.0,751.0,1044.0,-5.0,5265.0,4160.0
Northwestern_2004,1419.0,9720.0,-1.0,-1.0,678.0,735.0,0.0,43306.0,58.0,115.0,87.0,420.0,668.0,61.0,1821.0,663.0,244.0,313.0,120.0,0.0,216.0,40.0,0.0,2061.0,81.0,839.0,498.0,773.0,82.0,809.0,1182.0,-7.0,5401.0,4725.0
Northwestern_2005,1491.0,9609.0,-1.0,-1.0,669.0,771.0,0.0,43400.0,57.7,118.0,91.0,419.0,692.0,66.0,1802.0,827.0,278.0,414.0,95.0,0.0,218.0,8.0,0.0,1986.0,84.0,699.0,607.0,822.0,99.0,823.0,1264.0,-14.0,5346.0,5011.0
Northwestern_2006,2634.0,9570.0,-1.0,-1.0,672.0,758.0,0.0,43179.0,56.9,126.0,97.0,426.0,709.0,61.0,1786.0,1400.0,234.0,316.0,59.0,0.0,185.0,-42.0,0.0,2047.0,80.0,678.0,567.0,790.0,107.0,961.0,1409.0,-13.0,5352.0,5335.0
Northwestern_2007,1029.0,9333.0,0.0,69.0,714.0,806.0,0.0,43372.0,55.9,135.0,106.0,439.0,731.0,47.0,1781.0,956.0,424.0,546.0,55.0,0.0,228.0,-36.0,0.0,2567.0,79.0,635.0,667.0,816.0,119.0,1131.0,1392.0,-6.0,5841.0,5451.0
Northwestern_2008,999.0,9048.0,-1.0,78.0,720.0,820.0,0.0,43360.0,55.1,146.0,107.0,444.0,750.0,49.0,1760.0,559.0,186.0,763.0,52.0,7.0,222.0,45.0,0.0,2119.0,104.0,554.0,672.0,738.0,122.0,957.0,1356.0,1.0,5293.0,5024.0
Northwestern_2009,894.0,8763.0,-1.0,63.0,705.0,804.0,0.0,43156.0,54.8,139.0,106.0,435.0,758.0,54.0,1951.0,384.0,144.0,287.0,71.0,1.0,325.0,-19.0,0.0,2000.0,89.0,509.0,617.0,629.0,123.0,936.0,1377.0,0.0,4722.0,4647.0
Northwestern_2010,1041.0,8565.0,-1.0,72.0,687.0,766.0,0.0,43285.0,54.0,137.0,108.0,432.0,789.0,52.0,1923.0,468.0,170.0,225.0,66.0,13.0,355.0,40.0,0.0,2079.0,93.0,544.0,647.0,709.0,164.0,954.0,1391.0,-10.0,4843.0,4734.0
Northwestern_2011,1182.0,8577.0,-1.0,60.0,630.0,751.0,0.0,43504.0,53.3,141.0,106.0,442.0,797.0,54.0,1924.0,358.0,219.0,179.0,62.0,20.0,271.0,139.0,0.0,1918.0,86.0,405.0,671.0,893.0,157.0,919.0,1368.0,-10.0,4408.0,4571.0
Northwestern_2012,4062.0,8511.0,-1.0,63.0,672.0,747.0,1.0,43648.0,52.5,157.0,110.0,430.0,807.0,53.0,1907.0,438.0,282.0,260.0,70.0,19.0,230.0,1.0,0.0,1807.0,92.0,492.0,688.0,863.0,177.0,1017.0,1393.0,-2.0,4394.0,4763.0
Northwestern_2013,3681.0,8331.0,-1.0,69.0,672.0,765.0,0.0,43805.0,51.7,158.0,115.0,438.0,821.0,53.0,1927.0,533.0,262.0,179.0,73.0,15.0,336.0,46.0,0.0,1737.0,96.0,530.0,778.0,1146.0,203.0,745.0,1442.0,-1.0,4521.0,4910.0
Northwestern_2014,3834.0,8175.0,-1.0,30.0,666.0,752.0,1.0,43884.0,51.1,160.0,117.0,445.0,831.0,59.0,2080.0,616.0,226.0,183.0,83.0,17.0,339.0,11.0,0.0,1965.0,103.0,494.0,801.0,1064.0,229.0,787.0,1674.0,6.0,4735.0,5154.0
Northwestern_2015,3993.0,8316.0,-1.0,66.0,654.0,761.0,0.0,44237.0,51.2,160.0,119.0,453.0,848.0,61.0,2060.0,812.0,268.0,153.0,83.0,12.0,348.0,49.0,0.0,1855.0,119.0,511.0,728.0,1048.0,238.0,782.0,1761.0,5.0,4779.0,5377.0
Northwestern_2016,3612.0,8298.0,-1.0,66.0,645.0,720.0,0.0,44649.0,51.2,161.0,114.0,450.0,867.0,71.0,2085.0,705.0,201.0,112.0,100.0,10.0,359.0,46.0,0.0,1828.0,95.0,459.0,593.0,969.0,192.0,740.0,1646.0,1.0,4712.0,5240.0
Northwestern_2017,3549.0,8337.0,-1.0,84.0,-1.0,715.0,0.0,44891.0,51.3,169.0,117.0,458.0,887.0,74.0,2114.0,357.0,180.0,107.0,75.0,10.0,328.0,41.0,0.0,2636.0,105.0,106.0,617.0,984.0,170.0,750.0,1574.0,-1.0,4873.0,4881.0
Northwestern_2018,3534.0,8733.0,-1.0,69.0,-1.0,739.0,0.0,44981.0,52.0,173.0,121.0,464.0,899.0,74.0,2182.0,348.0,121.0,123.0,75.0,8.0,335.0,18.0,0.0,2620.0,103.0,150.0,630.0,979.0,192.0,721.0,1573.0,3.0,4941.0,4928.0
Northwestern_2019,4071.0,8493.0,-1.0,111.0,-1.0,632.0,0.0,45070.0,53.1,178.0,122.0,466.0,897.0,84.0,2243.0,216.0,150.0,117.0,56.0,7.0,291.0,-31.0,-1.0,2047.0,99.0,408.0,679.0,927.0,190.0,622.0,1499.0,-2.0,4750.0,4826.0
Northwestern_2020,4803.0,8568.0,-1.0,153.0,-1.0,666.0,0.0,45372.0,53.6,185.0,138.0,497.0,830.0,88.0,2344.0,129.0,77.0,69.0,77.0,8.0,257.0,90.0,-1.0,1525.0,75.0,344.0,499.0,922.0,161.0,671.0,1267.0,2.0,4265.0,4694.0
Northwestern_2021,2307.0,8520.0,-1.0,180.0,-1.0,628.0,0.0,45504.0,53.9,193.0,155.0,506.0,865.0,84.0,2454.0,125.0,72.0,104.0,88.0,8.0,283.0,-60.0,-1.0,1695.0,76.0,402.0,564.0,943.0,199.0,585.0,1442.0,3.0,4475.0,4934.0
Nova Scotia_1991,-1.0,-1.0,-1.0,-1.0,-1.0,12076.0,10.0,-1.0,-1.0,1345.0,940.0,6728.0,7787.0,329.0,11492.0,1418.0,728.0,111.0,1373.0,43.0,1621.0,-31.0,-11.0,3114.0,577.0,2506.0,2543.0,4921.0,571.0,4986.0,4449.0,103.0,26591.0,32828.0
Nova Scotia_1992,-1.0,-1.0,-1.0,-1.0,-1.0,11980.0,3.0,-1.0,-1.0,1370.0,933.0,6777.0,8069.0,320.0,11435.0,1104.0,474.0,109.0,1374.0,45.0,1655.0,38.0,4.0,3306.0,624.0,2744.0,2605.0,4867.0,576.0,4614.0,4536.0,-83.0,26927.0,32381.0
Nova Scotia_1993,41175.0,-1.0,-1.0,-1.0,-1.0,11674.0,9.0,-1.0,-1.0,1406.0,959.0,6885.0,8168.0,326.0,11653.0,798.0,505.0,137.0,1449.0,44.0,1784.0,38.0,1.0,3437.0,707.0,2718.0,2658.0,5288.0,634.0,4486.0,4694.0,-150.0,27073.0,32888.0
Nova Scotia_1994,41214.0,-1.0,-1.0,-1.0,-1.0,11214.0,11.0,-1.0,-1.0,1419.0,964.0,6950.0,8404.0,315.0,11423.0,630.0,679.0,175.0,1464.0,47.0,1597.0,-80.0,-9.0,3369.0,838.0,2659.0,2688.0,5455.0,701.0,4904.0,4419.0,192.0,27040.0,33074.0
Nova Scotia_1995,40248.0,-1.0,-1.0,-1.0,-1.0,10836.0,4.0,-1.0,-1.0,1398.0,1002.0,6971.0,8649.0,337.0,11155.0,762.0,589.0,169.0,1428.0,45.0,1559.0,72.0,2.0,3316.0,887.0,2928.0,2714.0,5476.0,777.0,4777.0,4490.0,123.0,27365.0,33021.0
Nova Scotia_1996,43725.0,-1.0,-1.0,-1.0,-1.0,10649.0,3.0,-1.0,-1.0,1449.0,1022.0,6989.0,8948.0,404.0,10673.0,803.0,720.0,187.0,1503.0,45.0,1213.0,-105.0,10.0,3901.0,997.0,2986.0,2729.0,6256.0,726.0,4728.0,4525.0,129.0,27388.0,33118.0
Nova Scotia_1997,44076.0,-1.0,-1.0,-1.0,-1.0,10034.0,6.0,-1.0,-1.0,1617.0,1025.0,7028.0,9276.0,419.0,10434.0,847.0,1315.0,173.0,1529.0,34.0,1150.0,171.0,1.0,4481.0,1120.0,3078.0,2990.0,7515.0,726.0,4824.0,4666.0,-178.0,28496.0,34649.0
Nova Scotia_1998,44784.0,162360.0,-1.0,-1.0,-1.0,9681.0,4.0,-1.0,-1.0,1730.0,1086.0,7148.0,9484.0,437.0,10798.0,2339.0,945.0,285.0,1346.0,18.0,1019.0,-39.0,0.0,4645.0,1133.0,3080.0,3104.0,7597.0,836.0,4726.0,4968.0,-46.0,29558.0,35950.0
Nova Scotia_1999,44604.0,160011.0,-1.0,-1.0,-1.0,9626.0,5.0,-1.0,-1.0,1866.0,1132.0,7401.0,9805.0,534.0,10864.0,3038.0,1062.0,441.0,1597.0,35.0,1012.0,296.0,-10.0,4889.0,1128.0,3320.0,3095.0,8470.0,840.0,4863.0,5425.0,-53.0,31116.0,38132.0
Nova Scotia_2000,45069.0,158205.0,-1.0,-1.0,-1.0,9146.0,5.0,-1.0,-1.0,1975.0,1162.0,7492.0,10052.0,574.0,10773.0,1514.0,1162.0,583.0,1768.0,33.0,1287.0,225.0,-5.0,5608.0,1234.0,3412.0,3272.0,8474.0,910.0,5117.0,5365.0,36.0,32041.0,38034.0
Nova Scotia_2001,46164.0,155874.0,-1.0,-1.0,-1.0,8928.0,1.0,932494.0,62.0,1983.0,1185.0,7514.0,10206.0,538.0,10801.0,1495.0,1162.0,739.0,1866.0,35.0,1332.0,180.0,3.0,5756.0,1223.0,3879.0,3465.0,8641.0,937.0,5199.0,5308.0,-20.0,33008.0,38540.0
Nova Scotia_2002,51867.0,153450.0,-1.0,-1.0,9591.0,8676.0,8.0,935179.0,61.3,2163.0,1279.0,7640.0,10596.0,624.0,10990.0,1372.0,1269.0,687.0,2004.0,41.0,1438.0,48.0,-16.0,6355.0,1361.0,4131.0,3335.0,8904.0,939.0,5572.0,5526.0,96.0,34432.0,39912.0
Nova Scotia_2003,50886.0,150600.0,-1.0,-1.0,9615.0,8675.0,3.0,937717.0,60.7,2241.0,1321.0,7725.0,10870.0,626.0,11164.0,1520.0,1115.0,598.0,2197.0,40.0,1508.0,186.0,8.0,6173.0,1280.0,4527.0,3444.0,8937.0,1097.0,5909.0,5676.0,72.0,34803.0,40603.0
Nova Scotia_2004,53469.0,148512.0,-1.0,-1.0,9579.0,8832.0,8.0,939664.0,60.1,2330.0,1364.0,7783.0,11224.0,582.0,11159.0,1500.0,1130.0,517.0,2376.0,23.0,1464.0,153.0,-7.0,6486.0,1461.0,4433.0,3516.0,9186.0,1149.0,6059.0,6004.0,91.0,35071.0,41163.0
Nova Scotia_2005,52575.0,145398.0,-1.0,-1.0,9708.0,8667.0,7.0,937926.0,59.6,2414.0,1404.0,7793.0,11600.0,589.0,11341.0,1390.0,1358.0,345.0,2449.0,56.0,1530.0,213.0,4.0,6209.0,1513.0,4421.0,3595.0,9594.0,1213.0,5619.0,6339.0,73.0,35469.0,42101.0
Nova Scotia_2006,52743.0,142305.0,-1.0,-1.0,9918.0,8623.0,7.0,937882.0,59.4,2539.0,1513.0,7699.0,12025.0,610.0,11559.0,1395.0,1369.0,307.0,2540.0,61.0,1530.0,95.0,-4.0,5808.0,1458.0,4351.0,3821.0,9607.0,1153.0,5565.0,6418.0,-58.0,35741.0,43022.0
Nova Scotia_2007,52266.0,138663.0,3399.0,663.0,9972.0,9013.0,8.0,935115.0,59.3,2690.0,1580.0,7841.0,12432.0,573.0,11981.0,1124.0,1626.0,414.0,2578.0,28.0,1593.0,76.0,2.0,6483.0,1480.0,4384.0,3912.0,10562.0,1318.0,6215.0,6525.0,-19.0,36199.0,44433.0
Nova Scotia_2008,50748.0,135303.0,3441.0,681.0,10062.0,9300.0,9.0,935897.0,59.4,2880.0,1638.0,8006.0,12711.0,608.0,12338.0,1116.0,1363.0,349.0,2490.0,41.0,1542.0,142.0,-19.0,6043.0,1382.0,4192.0,4102.0,10370.0,1272.0,5762.0,6558.0,-6.0,36915.0,45017.0
Nova Scotia_2009,50787.0,133134.0,3309.0,708.0,10071.0,9094.0,16.0,938208.0,59.3,2930.0,1709.0,8214.0,12764.0,576.0,12298.0,1626.0,1285.0,331.0,2330.0,34.0,2121.0,-142.0,0.0,5551.0,1433.0,3845.0,3894.0,10074.0,1178.0,5765.0,6605.0,32.0,37047.0,46117.0
Nova Scotia_2010,52083.0,130548.0,3264.0,732.0,9744.0,8937.0,7.0,942107.0,58.9,3027.0,1767.0,8236.0,13226.0,536.0,12635.0,1867.0,1685.0,366.0,2596.0,54.0,2170.0,62.0,-7.0,6039.0,1491.0,3951.0,3945.0,10725.0,1390.0,6151.0,7276.0,-25.0,38052.0,48137.0
Nova Scotia_2011,54522.0,128130.0,3420.0,873.0,9501.0,8944.0,4.0,944274.0,58.9,3026.0,1773.0,8364.0,13571.0,605.0,12920.0,1226.0,2183.0,307.0,2656.0,54.0,1979.0,388.0,8.0,5701.0,1431.0,4014.0,4041.0,10871.0,1415.0,6209.0,7461.0,-17.0,38303.0,48669.0
Nova Scotia_2012,55065.0,125541.0,3426.0,807.0,9207.0,8836.0,8.0,943635.0,60.0,3119.0,1804.0,8249.0,13883.0,604.0,13117.0,1077.0,1305.0,275.0,2711.0,57.0,2059.0,59.0,-5.0,5725.0,1501.0,4036.0,3909.0,11075.0,1472.0,5913.0,7164.0,-33.0,37933.0,48260.0
Nova Scotia_2013,54951.0,122643.0,3444.0,894.0,8913.0,8510.0,16.0,940434.0,61.1,3338.0,1833.0,8295.0,14087.0,595.0,12798.0,990.0,1692.0,282.0,2698.0,55.0,2069.0,213.0,-14.0,5406.0,1626.0,4165.0,3882.0,11473.0,1552.0,5873.0,7348.0,-7.0,37806.0,48723.0
Nova Scotia_2014,55617.0,121029.0,3489.0,948.0,9150.0,8727.0,18.0,938545.0,62.2,3406.0,1870.0,8340.0,14240.0,598.0,12874.0,1040.0,1663.0,450.0,2356.0,44.0,1820.0,105.0,-2.0,5021.0,1777.0,3428.0,4172.0,10541.0,1620.0,5050.0,7717.0,-7.0,38173.0,48691.0
Nova Scotia_2015,55197.0,119382.0,3636.0,981.0,9030.0,8282.0,14.0,936525.0,63.4,3487.0,1893.0,8286.0,14360.0,626.0,12978.0,1180.0,1483.0,523.0,2482.0,39.0,1691.0,160.0,-5.0,4824.0,1870.0,3282.0,4153.0,10598.0,1585.0,4985.0,7649.0,-8.0,38429.0,49005.0
Nova Scotia_2016,54825.0,118152.0,3669.0,981.0,9333.0,8411.0,18.0,942790.0,64.5,3565.0,1882.0,8270.0,14535.0,672.0,13063.0,1298.0,1572.0,805.0,2619.0,29.0,1641.0,143.0,7.0,4642.0,2069.0,3032.0,4037.0,10039.0,1574.0,5095.0,8075.0,23.0,39038.0,49944.0
Nova Scotia_2017,54966.0,118569.0,3603.0,948.0,-1.0,8336.0,23.0,950108.0,65.4,3831.0,1930.0,8403.0,14833.0,663.0,13318.0,1477.0,1431.0,425.0,2729.0,38.0,1864.0,250.0,4.0,4739.0,2094.0,3193.0,4202.0,10718.0,1540.0,5089.0,8160.0,2.0,39757.0,50927.0
Nova Scotia_2018,53484.0,118962.0,3975.0,1053.0,-1.0,8018.0,19.0,958406.0,66.2,3728.0,1949.0,8552.0,15172.0,685.0,13636.0,1016.0,1229.0,744.0,2872.0,36.0,2474.0,54.0,17.0,4822.0,2161.0,3073.0,4222.0,10718.0,1600.0,5175.0,8337.0,9.0,40502.0,52098.0
Nova Scotia_2019,54495.0,120606.0,4302.0,1263.0,-1.0,8148.0,24.0,970243.0,67.0,3743.0,1973.0,8679.0,15443.0,705.0,13773.0,1104.0,1282.0,539.0,3177.0,31.0,2860.0,206.0,39.0,5295.0,2435.0,3077.0,4336.0,10928.0,1631.0,5611.0,8599.0,7.0,41889.0,53343.0
Nova Scotia_2020,57033.0,123240.0,4179.0,1137.0,-1.0,7673.0,10.0,981889.0,67.7,3581.0,1852.0,8670.0,14405.0,730.0,14002.0,902.0,1031.0,530.0,3258.0,30.0,2966.0,-582.0,30.0,4591.0,1935.0,3362.0,3901.0,10030.0,1346.0,5206.0,8225.0,12.0,40433.0,51997.0
Nova Scotia_2021,56841.0,121599.0,3957.0,2442.0,-1.0,7021.0,8.0,992055.0,68.2,4052.0,2146.0,8930.0,15109.0,735.0,14671.0,1003.0,1103.0,562.0,3676.0,36.0,3112.0,63.0,15.0,4883.0,1955.0,3023.0,4331.0,10996.0,1368.0,5687.0,8413.0,-9.0,42927.0,55195.0
Nunavut_1991,-1.0,-1.0,-1.0,-1.0,-1.0,-1.0,-1.0,-1.0,-1.0,-1.0,-1.0,-1.0,-1.0,-1.0,-1.0,-1.0,-1.0,-1.0,-1.0,-1.0,-1.0,-1.0,-1.0,-1.0,-1.0,-1.0,-1.0,-1.0,-1.0,-1.0,-1.0,-1.0,-1.0,-1.0
Nunavut_1992,-1.0,-1.0,-1.0,-1.0,-1.0,-1.0,-1.0,-1.0,-1.0,-1.0,-1.0,-1.0,-1.0,-1.0,-1.0,-1.0,-1.0,-1.0,-1.0,-1.0,-1.0,-1.0,-1.0,-1.0,-1.0,-1.0,-1.0,-1.0,-1.0,-1.0,-1.0,-1.0,-1.0,-1.0
Nunavut_1993,1455.0,-1.0,-1.0,-1.0,-1.0,-1.0,-1.0,-1.0,-1.0,-1.0,-1.0,-1.0,-1.0,-1.0,-1.0,-1.0,-1.0,-1.0,-1.0,-1.0,-1.0,-1.0,-1.0,-1.0,-1.0,-1.0,-1.0,-1.0,-1.0,-1.0,-1.0,-1.0,-1.0,-1.0
Nunavut_1994,1899.0,-1.0,-1.0,-1.0,-1.0,-1.0,-1.0,-1.0,-1.0,-1.0,-1.0,-1.0,-1.0,-1.0,-1.0,-1.0,-1.0,-1.0,-1.0,-1.0,-1.0,-1.0,-1.0,-1.0,-1.0,-1.0,-1.0,-1.0,-1.0,-1.0,-1.0,-1.0,-1.0,-1.0
Nunavut_1995,2253.0,-1.0,-1.0,-1.0,-1.0,-1.0,-1.0,-1.0,-1.0,-1.0,-1.0,-1.0,-1.0,-1.0,-1.0,-1.0,-1.0,-1.0,-1.0,-1.0,-1.0,-1.0,-1.0,-1.0,-1.0,-1.0,-1.0,-1.0,-1.0,-1.0,-1.0,-1.0,-1.0,-1.0
Nunavut_1996,1398.0,-1.0,-1.0,-1.0,-1.0,-1.0,-1.0,-1.0,-1.0,-1.0,-1.0,-1.0,-1.0,-1.0,-1.0,-1.0,-1.0,-1.0,-1.0,-1.0,-1.0,-1.0,-1.0,-1.0,-1.0,-1.0,-1.0,-1.0,-1.0,-1.0,-1.0,-1.0,-1.0,-1.0
Nunavut_1997,1329.0,-1.0,-1.0,-1.0,-1.0,-1.0,-1.0,-1.0,-1.0,-1.0,-1.0,-1.0,-1.0,-1.0,-1.0,-1.0,-1.0,-1.0,-1.0,-1.0,-1.0,-1.0,-1.0,-1.0,-1.0,-1.0,-1.0,-1.0,-1.0,-1.0,-1.0,-1.0,-1.0,-1.0
Nunavut_1998,1464.0,0.0,-1.0,-1.0,-1.0,-1.0,-1.0,-1.0,-1.0,-1.0,-1.0,-1.0,-1.0,-1.0,-1.0,-1.0,-1.0,-1.0,-1.0,-1.0,-1.0,-1.0,-1.0,-1.0,-1.0,-1.0,-1.0,-1.0,-1.0,-1.0,-1.0,-1.0,-1.0,-1.0
Nunavut_1999,1656.0,0.0,-1.0,-1.0,-1.0,-1.0,-1.0,-1.0,-1.0,16.0,33.0,147.0,241.0,21.0,1105.0,177.0,32.0,16.0,72.0,0.0,145.0,0.0,0.0,176.0,20.0,6.0,62.0,226.0,49.0,310.0,422.0,-12.0,1255.0,1955.0
Nunavut_2000,1491.0,9582.0,-1.0,-1.0,-1.0,386.0,0.0,-1.0,-1.0,17.0,36.0,154.0,249.0,20.0,1181.0,101.0,25.0,46.0,72.0,0.0,143.0,-44.0,0.0,236.0,21.0,6.0,62.0,234.0,44.0,311.0,461.0,-10.0,1310.0,2013.0
Nunavut_2001,1428.0,8751.0,-1.0,-1.0,-1.0,366.0,0.0,28133.0,92.8,19.0,39.0,157.0,256.0,25.0,1241.0,162.0,35.0,27.0,46.0,1.0,160.0,-37.0,0.0,229.0,22.0,7.0,68.0,254.0,60.0,313.0,478.0,3.0,1392.0,2135.0
Nunavut_2002,1554.0,8739.0,-1.0,-1.0,537.0,391.0,0.0,28822.0,91.1,21.0,42.0,164.0,269.0,35.0,1293.0,59.0,31.0,104.0,48.0,1.0,147.0,-182.0,0.0,180.0,25.0,10.0,135.0,206.0,47.0,292.0,458.0,-1.0,1423.0,2225.0
Nunavut_2003,1482.0,8901.0,-1.0,-1.0,528.0,424.0,0.0,29322.0,90.4,23.0,45.0,172.0,284.0,40.0,1295.0,107.0,48.0,142.0,38.0,1.0,202.0,-63.0,0.0,30.0,27.0,11.0,112.0,251.0,37.0,350.0,475.0,-10.0,1423.0,2406.0
Nunavut_2004,1419.0,9120.0,-1.0,-1.0,624.0,435.0,0.0,29857.0,89.0,24.0,47.0,175.0,294.0,38.0,1302.0,109.0,43.0,234.0,43.0,0.0,170.0,-63.0,0.0,32.0,27.0,8.0,122.0,222.0,31.0,405.0,477.0,-8.0,1487.0,2482.0
Nunavut_2005,1491.0,9354.0,-1.0,-1.0,711.0,366.0,0.0,30339.0,87.5,26.0,48.0,177.0,304.0,39.0,1310.0,190.0,55.0,234.0,42.0,1.0,131.0,-42.0,0.0,9.0,24.0,8.0,127.0,277.0,41.0,369.0,518.0,3.0,1481.0,2537.0
Nunavut_2006,2634.0,9129.0,-1.0,-1.0,702.0,427.0,0.0,30813.0,86.0,27.0,52.0,184.0,316.0,42.0,1327.0,279.0,48.0,149.0,42.0,2.0,148.0,-70.0,0.0,33.0,26.0,5.0,141.0,260.0,34.0,386.0,552.0,5.0,1497.0,2566.0
Nunavut_2007,1029.0,9063.0,0.0,0.0,705.0,480.0,0.0,31395.0,84.9,29.0,56.0,185.0,328.0,46.0,1425.0,37.0,86.0,575.0,57.0,3.0,205.0,1.0,0.0,37.0,23.0,8.0,117.0,341.0,41.0,547.0,702.0,0.0,1620.0,3032.0
Nunavut_2008,999.0,9024.0,-1.0,-1.0,654.0,481.0,0.0,31892.0,84.5,32.0,60.0,189.0,349.0,52.0,1485.0,429.0,131.0,634.0,42.0,16.0,185.0,15.0,0.0,23.0,22.0,8.0,113.0,394.0,55.0,753.0,790.0,11.0,1851.0,3599.0
Nunavut_2009,894.0,9279.0,-1.0,-1.0,651.0,487.0,0.0,32597.0,83.1,34.0,61.0,193.0,354.0,50.0,1471.0,237.0,72.0,233.0,42.0,3.0,274.0,-23.0,0.0,7.0,10.0,4.0,154.0,266.0,40.0,410.0,805.0,0.0,1721.0,3019.0
Nunavut_2010,1041.0,9039.0,-1.0,-1.0,666.0,482.0,0.0,33352.0,81.8,34.0,64.0,200.0,372.0,45.0,1490.0,319.0,70.0,269.0,42.0,2.0,255.0,-1.0,0.0,5.0,12.0,414.0,174.0,256.0,60.0,489.0,926.0,-5.0,2039.0,3155.0
Nunavut_2011,1182.0,8871.0,-1.0,-1.0,666.0,447.0,0.0,34192.0,80.4,35.0,67.0,207.0,384.0,50.0,1456.0,203.0,60.0,538.0,55.0,1.0,265.0,4.0,0.0,5.0,13.0,513.0,249.0,269.0,62.0,537.0,1075.0,-3.0,2150.0,3323.0
Nunavut_2012,4062.0,8904.0,-1.0,-1.0,801.0,468.0,0.0,34672.0,79.7,38.0,70.0,211.0,396.0,52.0,1484.0,165.0,66.0,436.0,71.0,1.0,156.0,25.0,0.0,9.0,17.0,631.0,214.0,251.0,61.0,530.0,981.0,-4.0,2199.0,3146.0
Nunavut_2013,3681.0,9087.0,-1.0,-1.0,573.0,490.0,0.0,35337.0,79.6,40.0,75.0,214.0,404.0,48.0,1473.0,500.0,176.0,263.0,69.0,2.0,201.0,27.0,0.0,5.0,21.0,783.0,178.0,574.0,64.0,386.0,1013.0,6.0,2410.0,3465.0
Nunavut_2014,3834.0,9729.0,-1.0,-1.0,783.0,483.0,0.0,35971.0,79.6,40.0,74.0,216.0,417.0,39.0,1487.0,354.0,101.0,162.0,48.0,1.0,268.0,32.0,0.0,8.0,22.0,729.0,187.0,479.0,92.0,414.0,957.0,1.0,2379.0,3214.0
Nunavut_2015,3993.0,9891.0,-1.0,-1.0,762.0,437.0,0.0,36488.0,80.0,43.0,79.0,224.0,425.0,42.0,1589.0,308.0,114.0,206.0,56.0,1.0,284.0,0.0,0.0,67.0,20.0,607.0,164.0,475.0,90.0,315.0,1056.0,2.0,2372.0,3380.0
Nunavut_2016,3612.0,10026.0,-1.0,-1.0,864.0,455.0,1.0,36975.0,79.6,45.0,80.0,224.0,432.0,45.0,1602.0,363.0,89.0,197.0,44.0,1.0,301.0,110.0,0.0,138.0,19.0,608.0,168.0,503.0,89.0,359.0,1085.0,3.0,2492.0,3434.0
Nunavut_2017,3549.0,10041.0,-1.0,-1.0,-1.0,440.0,0.0,37546.0,79.3,48.0,86.0,230.0,436.0,44.0,1662.0,674.0,219.0,172.0,47.0,1.0,321.0,112.0,0.0,380.0,25.0,470.0,184.0,739.0,105.0,473.0,1220.0,5.0,2821.0,3944.0
Nunavut_2018,3534.0,10107.0,-1.0,-1.0,-1.0,411.0,0.0,38143.0,79.5,51.0,93.0,228.0,439.0,49.0,1822.0,936.0,408.0,144.0,38.0,2.0,319.0,-15.0,0.0,443.0,24.0,478.0,195.0,1016.0,155.0,509.0,1401.0,-3.0,2953.0,4535.0
Nunavut_2019,4071.0,10653.0,-1.0,-1.0,-1.0,385.0,0.0,38592.0,79.9,53.0,96.0,227.0,445.0,48.0,1790.0,893.0,297.0,106.0,47.0,2.0,352.0,-5.0,-1.0,663.0,25.0,627.0,189.0,973.0,137.0,574.0,1504.0,2.0,3175.0,4355.0
Nunavut_2020,4803.0,10725.0,-1.0,-1.0,-1.0,504.0,0.0,39155.0,78.9,57.0,109.0,234.0,415.0,57.0,1843.0,537.0,151.0,64.0,40.0,2.0,194.0,139.0,-1.0,574.0,18.0,926.0,200.0,873.0,87.0,426.0,1156.0,2.0,3211.0,3718.0
Nunavut_2021,2307.0,10902.0,-1.0,-1.0,-1.0,462.0,0.0,39403.0,78.3,60.0,132.0,217.0,424.0,59.0,1931.0,579.0,198.0,126.0,48.0,2.0,148.0,110.0,-1.0,711.0,17.0,924.0,206.0,822.0,115.0,487.0,1299.0,-1.0,3467.0,3940.0
Ontario_1991,-1.0,-1.0,-1.0,-1.0,-1.0,153523.0,117.0,-1.0,-1.0,19259.0,12539.0,65409.0,118734.0,4592.0,103381.0,20091.0,10353.0,4766.0,28711.0,472.0,13997.0,-5372.0,-75.0,81656.0,14699.0,36426.0,42845.0,78181.0,22821.0,33802.0,22487.0,-1616.0,400193.0,389473.0
Ontario_1992,-1.0,-1.0,-1.0,-1.0,-1.0,152051.0,73.0,-1.0,-1.0,19273.0,12655.0,65840.0,121014.0,4723.0,104505.0,17489.0,10753.0,4912.0,30015.0,461.0,13843.0,-4358.0,-471.0,88202.0,16088.0,33939.0,42889.0,85399.0,22978.0,32847.0,23476.0,1707.0,405564.0,393148.0
Ontario_1993,469308.0,-1.0,-1.0,-1.0,-1.0,149331.0,134.0,-1.0,-1.0,19364.0,12860.0,66336.0,123297.0,4725.0,104472.0,13985.0,9887.0,5864.0,27393.0,461.0,13271.0,-2359.0,99.0,100913.0,17682.0,31460.0,44241.0,92127.0,23818.0,33858.0,23924.0,1922.0,411365.0,390383.0
Ontario_1994,465606.0,-1.0,-1.0,-1.0,-1.0,149203.0,129.0,-1.0,-1.0,20361.0,13389.0,68235.0,125924.0,4955.0,103976.0,11924.0,11339.0,6751.0,27936.0,547.0,14213.0,341.0,286.0,114172.0,19026.0,37156.0,43246.0,105136.0,22329.0,31858.0,22790.0,1256.0,433727.0,400246.0
Ontario_1995,463173.0,-1.0,-1.0,-1.0,-1.0,147875.0,123.0,-1.0,-1.0,20511.0,13952.0,69224.0,129054.0,5128.0,103712.0,11783.0,12670.0,7163.0,24020.0,562.0,15059.0,3865.0,18.0,127166.0,20492.0,37394.0,44265.0,113562.0,23052.0,32613.0,23802.0,-607.0,447735.0,406138.0
Ontario_1996,465450.0,-1.0,-1.0,-1.0,-1.0,141388.0,146.0,-1.0,-1.0,21013.0,13967.0,70199.0,133033.0,5764.0,99788.0,14087.0,14284.0,7971.0,26320.0,620.0,14302.0,-630.0,90.0,135385.0,23004.0,36232.0,47238.0,117939.0,25036.0,36656.0,23871.0,-413.0,455035.0,415718.0
Ontario_1997,458871.0,-1.0,-1.0,-1.0,-1.0,134549.0,141.0,-1.0,-1.0,23975.0,14657.0,71608.0,138678.0,6781.0,99764.0,15709.0,17374.0,7758.0,30016.0,561.0,13736.0,3856.0,27.0,147431.0,25744.0,37075.0,51231.0,135695.0,26943.0,38556.0,26393.0,1068.0,477053.0,437792.0
Ontario_1998,455859.0,2095632.0,-1.0,-1.0,-1.0,133733.0,141.0,-1.0,-1.0,25725.0,15622.0,73408.0,142431.0,6535.0,101358.0,16054.0,18850.0,8495.0,29453.0,406.0,13364.0,4560.0,9.0,163916.0,28283.0,33855.0,52804.0,143160.0,28149.0,37819.0,28868.0,-165.0,498740.0,450964.0
Ontario_1999,455526.0,2111622.0,-1.0,-1.0,-1.0,132089.0,166.0,-1.0,-1.0,28549.0,16369.0,76041.0,147690.0,7550.0,104117.0,17879.0,20212.0,8477.0,33023.0,465.0,15274.0,-516.0,-58.0,187733.0,29277.0,35267.0,58625.0,156570.0,29958.0,40308.0,30634.0,1160.0,533253.0,475439.0
Ontario_2000,467001.0,2131626.0,-1.0,-1.0,-1.0,128572.0,161.0,-1.0,-1.0,30590.0,17394.0,78790.0,154323.0,8008.0,107889.0,15631.0,21371.0,10168.0,35322.0,527.0,16222.0,3987.0,-205.0,202659.0,32153.0,36994.0,64087.0,169665.0,31347.0,41529.0,33526.0,1325.0,567019.0,497109.0
Ontario_2001,474600.0,2143599.0,-1.0,-1.0,-1.0,133228.0,169.0,11897534.0,63.0,31105.0,17978.0,80082.0,158906.0,8362.0,111325.0,15484.0,20185.0,11024.0,38814.0,601.0,17866.0,-986.0,-142.0,191285.0,32314.0,38992.0,63639.0,157460.0,30135.0,43336.0,34035.0,579.0,577397.0,510858.0
Ontario_2002,494940.0,2163108.0,-1.0,-1.0,130824.0,130260.0,138.0,12094174.0,62.4,33700.0,18882.0,82131.0,164320.0,9086.0,114242.0,15882.0,18644.0,10553.0,42642.0,672.0,18568.0,1442.0,230.0,192635.0,33998.0,41877.0,63827.0,161140.0,30180.0,45194.0,34569.0,971.0,597107.0,527143.0
Ontario_2003,533442.0,2164941.0,-1.0,-1.0,129912.0,132873.0,141.0,12245039.0,61.8,34454.0,19598.0,84450.0,169243.0,8524.0,118169.0,15445.0,19956.0,11358.0,43202.0,590.0,20612.0,1272.0,-33.0,190951.0,33438.0,43821.0,65265.0,165334.0,32705.0,47396.0,34529.0,558.0,603720.0,543981.0
Ontario_2004,607560.0,2129742.0,-1.0,-1.0,132678.0,135079.0,192.0,12391421.0,61.4,34615.0,20222.0,86023.0,175510.0,8455.0,122632.0,15264.0,21602.0,12897.0,45382.0,397.0,21521.0,2303.0,589.0,202056.0,35080.0,44096.0,68954.0,182649.0,34082.0,46745.0,35050.0,245.0,620670.0,563014.0
Ontario_2005,617274.0,2123904.0,-1.0,-1.0,137889.0,137684.0,203.0,12528663.0,60.9,36292.0,21079.0,87569.0,183052.0,9135.0,123900.0,15584.0,24310.0,13699.0,46133.0,911.0,22722.0,2326.0,36.0,208039.0,35202.0,42213.0,72859.0,192787.0,34831.0,43381.0,37006.0,1136.0,640614.0,584090.0
Ontario_2006,740796.0,2118543.0,-1.0,-1.0,149712.0,139581.0,152.0,12661878.0,60.6,37888.0,22637.0,87766.0,189903.0,9617.0,129220.0,17436.0,26382.0,13579.0,46531.0,989.0,23838.0,3527.0,-204.0,205937.0,35482.0,43599.0,76185.0,199488.0,36112.0,44717.0,40067.0,3.0,652625.0,606108.0
Ontario_2007,658893.0,2103465.0,114375.0,3582.0,154962.0,141698.0,105.0,12764806.0,60.3,39514.0,23719.0,89980.0,197954.0,9419.0,129177.0,18643.0,26163.0,13165.0,47696.0,706.0,24538.0,5385.0,-252.0,206453.0,35114.0,46507.0,73738.0,208983.0,36672.0,48131.0,38409.0,-425.0,657733.0,621176.0
Ontario_2008,679932.0,2087589.0,117474.0,3711.0,157302.0,144720.0,106.0,12883583.0,60.4,41795.0,24609.0,91026.0,202101.0,10273.0,135559.0,17647.0,26503.0,14467.0,45433.0,1129.0,24166.0,5678.0,-67.0,187034.0,34598.0,43214.0,74288.0,206171.0,36259.0,43907.0,38353.0,101.0,657720.0,635550.0
Ontario_2009,703560.0,2070738.0,119145.0,3501.0,158172.0,144575.0,48.0,12998345.0,60.4,41212.0,24200.0,91197.0,202859.0,9736.0,138739.0,16599.0,20298.0,12817.0,42716.0,920.0,27993.0,676.0,-167.0,147127.0,36003.0,40070.0,71573.0,162563.0,36669.0,48096.0,40564.0,-431.0,637298.0,629132.0
Ontario_2010,749955.0,2061390.0,112716.0,3585.0,160455.0,142658.0,65.0,13135778.0,60.3,43018.0,25624.0,93225.0,210570.0,9668.0,142637.0,16870.0,22268.0,13446.0,46192.0,942.0,33041.0,727.0,-110.0,161903.0,40365.0,39798.0,76902.0,187660.0,43612.0,49716.0,40255.0,-437.0,656103.0,657529.0
Ontario_2011,769776.0,2051865.0,111486.0,4743.0,161523.0,142883.0,61.0,13261381.0,60.4,43081.0,26080.0,93467.0,216063.0,10234.0,143826.0,20701.0,22978.0,13618.0,47855.0,976.0,29200.0,5527.0,-113.0,172888.0,43846.0,40200.0,79068.0,204227.0,44489.0,47563.0,41923.0,-268.0,671942.0,668085.0
Ontario_2012,785175.0,2043117.0,114537.0,4950.0,163311.0,144119.0,54.0,13390632.0,60.7,43779.0,26782.0,94154.0,219544.0,10490.0,143918.0,22366.0,22760.0,13131.0,50100.0,1094.0,27555.0,2305.0,-5.0,179196.0,45229.0,38551.0,81106.0,204063.0,45675.0,48965.0,42705.0,-235.0,680792.0,675667.0
Ontario_2013,799482.0,2031195.0,120249.0,5679.0,165702.0,141935.0,55.0,13510781.0,61.2,45334.0,27831.0,96129.0,223288.0,10859.0,142697.0,21384.0,20232.0,13026.0,49197.0,1228.0,26103.0,4462.0,40.0,178384.0,48682.0,41935.0,86554.0,205118.0,45878.0,53411.0,43372.0,-212.0,690275.0,677289.0
Ontario_2014,821238.0,2015385.0,124143.0,6504.0,169314.0,142242.0,57.0,13617553.0,61.6,48847.0,28716.0,97334.0,228213.0,10852.0,143796.0,23789.0,23465.0,13811.0,49525.0,1206.0,25183.0,8734.0,112.0,189097.0,48879.0,38176.0,94646.0,218413.0,48986.0,52072.0,47535.0,-483.0,707589.0,694621.0
Ontario_2015,822471.0,2003238.0,129609.0,7311.0,168045.0,141663.0,81.0,13707118.0,62.1,51804.0,30019.0,99391.0,234044.0,11418.0,146723.0,26671.0,25778.0,13851.0,53330.0,1129.0,24908.0,2631.0,111.0,198547.0,52434.0,34530.0,93307.0,226908.0,51698.0,49959.0,47901.0,-433.0,724946.0,718984.0
Ontario_2016,822801.0,1993431.0,133944.0,8073.0,169572.0,142659.0,72.0,13875394.0,62.6,55055.0,30816.0,100623.0,238814.0,12579.0,148615.0,24606.0,22677.0,14246.0,57491.0,867.0,25160.0,1860.0,-448.0,203061.0,56661.0,32458.0,91871.0,227007.0,54648.0,48896.0,48145.0,351.0,740164.0,731442.0
Ontario_2017,838410.0,2006703.0,138411.0,7365.0,-1.0,142574.0,104.0,14070141.0,63.0,59760.0,32748.0,103504.0,247198.0,12736.0,151346.0,24696.0,24118.0,15203.0,57946.0,901.0,27144.0,7749.0,314.0,200204.0,56922.0,31999.0,97076.0,240351.0,51569.0,49517.0,49133.0,-311.0,761025.0,757023.0
Ontario_2018,864822.0,2020245.0,146310.0,7836.0,-1.0,142562.0,85.0,14308697.0,63.2,62154.0,33940.0,106821.0,253647.0,12796.0,157336.0,28232.0,25786.0,17465.0,56075.0,889.0,27866.0,6679.0,274.0,200460.0,65097.0,33354.0,98758.0,245536.0,54000.0,50192.0,50339.0,-27.0,786965.0,782200.0
Ontario_2019,889755.0,2040483.0,151077.0,9192.0,-1.0,142641.0,49.0,14544701.0,63.4,62413.0,34753.0,107448.0,259537.0,13382.0,157353.0,28490.0,27489.0,17940.0,56279.0,792.0,27342.0,2378.0,475.0,203982.0,72863.0,34568.0,100606.0,248244.0,54642.0,50418.0,50773.0,-116.0,803505.0,792394.0
Ontario_2020,907641.0,2056059.0,154638.0,9891.0,-1.0,137907.0,289.0,14745712.0,63.6,57742.0,31075.0,110499.0,228405.0,13411.0,158071.0,28709.0,24280.0,18186.0,61296.0,847.0,29998.0,-8703.0,643.0,181645.0,67663.0,33397.0,97974.0,227717.0,48174.0,48964.0,45980.0,-262.0,766072.0,762871.0
Ontario_2021,903780.0,2025258.0,143469.0,23466.0,-1.0,141766.0,356.0,14826276.0,63.9,61748.0,34532.0,111460.0,239003.0,13592.0,168972.0,29374.0,27395.0,18851.0,70087.0,905.0,30274.0,3050.0,514.0,182179.0,67173.0,34473.0,102014.0,242950.0,51383.0,48852.0,48797.0,-246.0,805813.0,807865.0
Prince Edward Island_1991,-1.0,-1.0,-1.0,-1.0,-1.0,1851.0,0.0,-1.0,-1.0,178.0,137.0,934.0,1041.0,42.0,1270.0,135.0,103.0,8.0,187.0,5.0,192.0,-16.0,-19.0,253.0,64.0,283.0,589.0,227.0,56.0,759.0,889.0,-77.0,3340.0,4147.0
Prince Edward Island_1992,-1.0,-1.0,-1.0,-1.0,-1.0,1827.0,0.0,-1.0,-1.0,183.0,136.0,948.0,1068.0,37.0,1232.0,76.0,57.0,8.0,168.0,8.0,228.0,3.0,75.0,337.0,92.0,308.0,581.0,271.0,52.0,750.0,893.0,-55.0,3445.0,4041.0
Prince Edward Island_1993,4563.0,-1.0,-1.0,-1.0,-1.0,1737.0,2.0,-1.0,-1.0,189.0,141.0,965.0,1089.0,49.0,1206.0,75.0,69.0,11.0,183.0,9.0,219.0,6.0,-29.0,318.0,123.0,330.0,637.0,285.0,59.0,728.0,908.0,-76.0,3495.0,4114.0
Prince Edward Island_1994,4812.0,-1.0,-1.0,-1.0,-1.0,1693.0,0.0,-1.0,-1.0,193.0,144.0,976.0,1117.0,47.0,1202.0,207.0,90.0,13.0,175.0,8.0,160.0,26.0,-17.0,379.0,133.0,302.0,597.0,308.0,69.0,755.0,884.0,-16.0,3683.0,4250.0
Prince Edward Island_1995,4326.0,-1.0,-1.0,-1.0,-1.0,1747.0,0.0,-1.0,-1.0,193.0,150.0,992.0,1146.0,48.0,1231.0,276.0,98.0,11.0,164.0,9.0,143.0,30.0,66.0,420.0,144.0,307.0,659.0,323.0,71.0,829.0,908.0,3.0,3918.0,4378.0
Prince Edward Island_1996,4218.0,-1.0,-1.0,-1.0,-1.0,1663.0,0.0,-1.0,-1.0,199.0,154.0,1003.0,1185.0,52.0,1284.0,369.0,74.0,13.0,177.0,9.0,150.0,0.0,14.0,417.0,165.0,346.0,649.0,299.0,79.0,894.0,928.0,29.0,4044.0,4556.0
Prince Edward Island_1997,4155.0,-1.0,-1.0,-1.0,-1.0,1567.0,2.0,-1.0,-1.0,221.0,160.0,1016.0,1211.0,60.0,1303.0,117.0,88.0,21.0,190.0,8.0,191.0,87.0,30.0,532.0,184.0,357.0,629.0,385.0,84.0,923.0,928.0,9.0,4097.0,4509.0
Prince Edward Island_1998,4629.0,24396.0,-1.0,-1.0,-1.0,1476.0,0.0,-1.0,-1.0,232.0,166.0,1041.0,1255.0,62.0,1316.0,104.0,121.0,22.0,175.0,3.0,190.0,79.0,-22.0,675.0,208.0,391.0,633.0,462.0,82.0,915.0,1009.0,26.0,4251.0,4639.0
Prince Edward Island_1999,4860.0,24144.0,-1.0,-1.0,-1.0,1490.0,1.0,-1.0,-1.0,251.0,177.0,1077.0,1284.0,73.0,1453.0,114.0,154.0,23.0,203.0,7.0,197.0,44.0,-6.0,802.0,206.0,396.0,640.0,507.0,92.0,1026.0,1103.0,1.0,4435.0,4983.0
Prince Edward Island_2000,5070.0,24090.0,-1.0,-1.0,-1.0,1417.0,0.0,-1.0,-1.0,269.0,183.0,1089.0,1355.0,73.0,1481.0,137.0,146.0,22.0,243.0,8.0,204.0,69.0,30.0,828.0,205.0,436.0,651.0,558.0,104.0,1136.0,1132.0,-7.0,4554.0,5185.0
Prince Edward Island_2001,5046.0,23154.0,-1.0,-1.0,-1.0,1354.0,0.0,136665.0,68.5,274.0,192.0,1081.0,1392.0,68.0,1551.0,137.0,134.0,27.0,249.0,9.0,251.0,9.0,-114.0,782.0,219.0,442.0,665.0,564.0,111.0,1043.0,1174.0,-16.0,4490.0,5326.0
Prince Edward Island_2002,5373.0,22842.0,-1.0,-1.0,1602.0,1309.0,0.0,136880.0,67.4,288.0,198.0,1103.0,1450.0,77.0,1493.0,134.0,137.0,21.0,262.0,9.0,271.0,5.0,103.0,777.0,227.0,445.0,647.0,565.0,126.0,1094.0,1188.0,24.0,4705.0,5412.0
Prince Edward Island_2003,5601.0,23244.0,-1.0,-1.0,1587.0,1389.0,0.0,137227.0,66.4,296.0,203.0,1120.0,1495.0,72.0,1557.0,116.0,162.0,27.0,287.0,8.0,261.0,36.0,-6.0,840.0,241.0,468.0,658.0,635.0,123.0,1104.0,1206.0,-6.0,4794.0,5586.0
Prince Edward Island_2004,6096.0,22905.0,-1.0,-1.0,1587.0,1371.0,1.0,137680.0,65.5,310.0,203.0,1127.0,1550.0,72.0,1577.0,142.0,178.0,26.0,326.0,3.0,207.0,27.0,10.0,877.0,262.0,506.0,643.0,651.0,120.0,1131.0,1238.0,-12.0,4951.0,5721.0
Prince Edward Island_2005,5790.0,22395.0,-1.0,-1.0,1539.0,1314.0,0.0,138064.0,64.7,334.0,213.0,1126.0,1597.0,75.0,1752.0,92.0,194.0,33.0,312.0,12.0,323.0,8.0,-36.0,884.0,299.0,417.0,692.0,717.0,116.0,1067.0,1296.0,-25.0,5122.0,6051.0
Prince Edward Island_2006,5874.0,21948.0,-1.0,-1.0,1548.0,1388.0,0.0,137867.0,64.2,342.0,227.0,1120.0,1674.0,75.0,1782.0,108.0,215.0,37.0,304.0,15.0,393.0,-31.0,39.0,838.0,290.0,486.0,726.0,753.0,132.0,1083.0,1385.0,-4.0,5261.0,6279.0
Prince Edward Island_2007,6045.0,21366.0,0.0,45.0,1581.0,1367.0,0.0,137711.0,64.1,365.0,243.0,1178.0,1729.0,70.0,1724.0,272.0,190.0,49.0,316.0,16.0,292.0,8.0,-44.0,937.0,335.0,562.0,664.0,829.0,144.0,1383.0,1336.0,-3.0,5228.0,6444.0
Prince Edward Island_2008,6132.0,20811.0,195.0,54.0,1638.0,1452.0,0.0,138749.0,64.0,379.0,248.0,1204.0,1776.0,71.0,1782.0,239.0,193.0,46.0,310.0,23.0,214.0,45.0,-35.0,920.0,338.0,545.0,656.0,826.0,140.0,1366.0,1349.0,3.0,5284.0,6486.0
Prince Edward Island_2009,7104.0,20322.0,213.0,60.0,1644.0,1406.0,0.0,139891.0,63.8,380.0,247.0,1221.0,1805.0,66.0,1842.0,121.0,179.0,40.0,326.0,5.0,369.0,-108.0,-2.0,723.0,359.0,567.0,703.0,882.0,125.0,1173.0,1336.0,8.0,5305.0,6597.0
Prince Edward Island_2010,5841.0,19953.0,192.0,57.0,1749.0,1375.0,0.0,141654.0,63.5,423.0,257.0,1234.0,1869.0,69.0,1894.0,114.0,175.0,39.0,340.0,8.0,306.0,-10.0,19.0,688.0,330.0,629.0,737.0,967.0,145.0,1194.0,1359.0,-3.0,5412.0,6724.0
Prince Edward Island_2011,6126.0,21162.0,204.0,69.0,1764.0,1408.0,1.0,143963.0,63.4,422.0,262.0,1262.0,1914.0,73.0,1888.0,147.0,203.0,37.0,351.0,9.0,350.0,32.0,-20.0,695.0,330.0,630.0,764.0,1021.0,146.0,1231.0,1396.0,2.0,5527.0,6916.0
Prince Edward Island_2012,6564.0,20832.0,207.0,81.0,1767.0,1292.0,0.0,144530.0,64.0,455.0,261.0,1239.0,1942.0,74.0,1847.0,122.0,195.0,39.0,350.0,8.0,251.0,26.0,-5.0,658.0,344.0,687.0,778.0,1124.0,145.0,1107.0,1303.0,-10.0,5586.0,6783.0
Prince Edward Island_2013,6603.0,20406.0,210.0,81.0,1692.0,1380.0,0.0,144094.0,65.3,478.0,261.0,1231.0,1983.0,72.0,1809.0,151.0,228.0,42.0,345.0,12.0,253.0,79.0,-14.0,655.0,359.0,775.0,767.0,1156.0,167.0,1226.0,1212.0,1.0,5684.0,6864.0
Prince Edward Island_2014,6015.0,20130.0,210.0,84.0,1686.0,1395.0,0.0,144283.0,66.8,498.0,265.0,1230.0,2005.0,74.0,1792.0,138.0,224.0,47.0,309.0,9.0,213.0,46.0,-14.0,743.0,421.0,779.0,717.0,1132.0,167.0,1167.0,1284.0,0.0,5690.0,6803.0
Prince Edward Island_2015,6390.0,19938.0,225.0,90.0,1683.0,1320.0,0.0,144546.0,67.9,518.0,276.0,1228.0,2047.0,75.0,1783.0,108.0,180.0,43.0,333.0,7.0,204.0,27.0,-7.0,844.0,515.0,754.0,761.0,1113.0,183.0,1213.0,1326.0,-4.0,5770.0,6797.0
Prince Edward Island_2016,6360.0,19713.0,240.0,120.0,1611.0,1375.0,0.0,146969.0,68.7,554.0,287.0,1235.0,2089.0,81.0,1802.0,164.0,186.0,45.0,356.0,6.0,221.0,-24.0,3.0,872.0,503.0,770.0,737.0,1112.0,186.0,1184.0,1439.0,-4.0,5894.0,7024.0
Prince Edward Island_2017,6189.0,20007.0,276.0,189.0,-1.0,1311.0,0.0,150402.0,69.0,579.0,297.0,1267.0,2129.0,81.0,1837.0,208.0,224.0,54.0,438.0,6.0,264.0,25.0,-5.0,864.0,535.0,833.0,762.0,1215.0,168.0,1271.0,1499.0,-8.0,6170.0,7386.0
Prince Edward Island_2018,8037.0,20187.0,342.0,162.0,-1.0,1283.0,0.0,153396.0,69.5,567.0,301.0,1299.0,2201.0,85.0,1888.0,209.0,217.0,62.0,460.0,7.0,257.0,44.0,-9.0,806.0,632.0,807.0,768.0,1251.0,181.0,1264.0,1532.0,7.0,6277.0,7554.0
Prince Edward Island_2019,7455.0,20361.0,441.0,171.0,-1.0,1302.0,0.0,157419.0,69.6,584.0,301.0,1318.0,2293.0,88.0,1916.0,205.0,216.0,70.0,555.0,9.0,285.0,23.0,33.0,806.0,692.0,815.0,781.0,1217.0,187.0,1327.0,1592.0,5.0,6562.0,7843.0
Prince Edward Island_2020,8505.0,20733.0,474.0,195.0,-1.0,1292.0,0.0,161329.0,69.3,574.0,281.0,1321.0,2186.0,94.0,1970.0,202.0,180.0,70.0,583.0,11.0,342.0,-133.0,-16.0,884.0,582.0,858.0,744.0,1118.0,141.0,1373.0,1613.0,5.0,6454.0,7818.0
Prince Edward Island_2021,8616.0,20640.0,558.0,558.0,-1.0,1447.0,0.0,164318.0,68.6,647.0,339.0,1371.0,2359.0,96.0,2120.0,196.0,178.0,71.0,667.0,10.0,347.0,-166.0,90.0,966.0,573.0,918.0,839.0,1300.0,177.0,1464.0,1690.0,3.0,6965.0,8410.0
Quebec_1991,-1.0,-1.0,-1.0,-1.0,-1.0,96199.0,31.0,-1.0,-1.0,12883.0,7439.0,42312.0,59270.0,2587.0,65573.0,11502.0,5861.0,2893.0,14373.0,203.0,7716.0,-2471.0,71.0,38222.0,6266.0,27419.0,19320.0,41767.0,7203.0,21156.0,21599.0,-365.0,224585.0,226677.0
Quebec_1992,-1.0,-1.0,-1.0,-1.0,-1.0,94765.0,35.0,-1.0,-1.0,12855.0,7364.0,42911.0,60569.0,2834.0,66221.0,10084.0,5542.0,2935.0,14386.0,210.0,7611.0,-1690.0,-108.0,40725.0,6507.0,25277.0,19351.0,42510.0,7104.0,20854.0,21215.0,-1724.0,225375.0,227389.0
Quebec_1993,449112.0,-1.0,-1.0,-1.0,-1.0,91166.0,35.0,-1.0,-1.0,12790.0,7690.0,43478.0,61805.0,2729.0,65857.0,10997.0,5060.0,3436.0,13677.0,245.0,8182.0,-486.0,-22.0,46940.0,6870.0,24763.0,20157.0,46350.0,7622.0,21365.0,22619.0,-244.0,230500.0,229379.0
Quebec_1994,440490.0,-1.0,-1.0,-1.0,-1.0,89302.0,44.0,-1.0,-1.0,13071.0,8112.0,44926.0,63346.0,2490.0,65806.0,9286.0,5156.0,3925.0,15403.0,230.0,8357.0,457.0,209.0,55652.0,7991.0,24622.0,19543.0,46756.0,7924.0,24839.0,21428.0,-2497.0,241075.0,233721.0
Quebec_1995,433029.0,-1.0,-1.0,-1.0,-1.0,86142.0,30.0,-1.0,-1.0,12918.0,8441.0,45272.0,64813.0,2671.0,64962.0,8704.0,5565.0,4064.0,11802.0,235.0,8340.0,2473.0,-93.0,58654.0,8391.0,25553.0,20796.0,48587.0,8256.0,25206.0,21343.0,-1667.0,246253.0,232829.0
Quebec_1996,425532.0,-1.0,-1.0,-1.0,-1.0,84151.0,42.0,-1.0,-1.0,13977.0,8595.0,46181.0,66834.0,2981.0,64085.0,8234.0,6439.0,4617.0,13782.0,232.0,8518.0,245.0,146.0,61039.0,9536.0,25958.0,20012.0,52261.0,8728.0,25491.0,22168.0,-887.0,249340.0,240479.0
Quebec_1997,413559.0,-1.0,-1.0,-1.0,-1.0,78856.0,37.0,-1.0,-1.0,15542.0,8774.0,46923.0,69257.0,3709.0,62994.0,8247.0,7773.0,4348.0,13099.0,203.0,8013.0,582.0,72.0,66147.0,10631.0,28126.0,20974.0,60189.0,9379.0,24665.0,23025.0,-85.0,256374.0,246916.0
Quebec_1998,405918.0,1260480.0,-1.0,-1.0,-1.0,74894.0,32.0,-1.0,-1.0,16309.0,9178.0,47496.0,70540.0,3648.0,62897.0,9160.0,8802.0,4697.0,12624.0,193.0,8540.0,358.0,29.0,72557.0,12137.0,26677.0,22413.0,65450.0,8986.0,24061.0,24422.0,150.0,264665.0,253354.0
Quebec_1999,405705.0,1250247.0,-1.0,-1.0,-1.0,72806.0,53.0,-1.0,-1.0,17516.0,9381.0,48579.0,72745.0,4137.0,63736.0,8527.0,10036.0,5486.0,13049.0,170.0,8902.0,2786.0,-38.0,83467.0,12674.0,28416.0,23441.0,73207.0,9170.0,25094.0,26429.0,327.0,280467.0,262774.0
Quebec_2000,412686.0,1247757.0,-1.0,-1.0,-1.0,71086.0,65.0,-1.0,-1.0,18525.0,9760.0,49601.0,75225.0,4428.0,65739.0,9559.0,10472.0,6202.0,13252.0,234.0,8967.0,3087.0,-119.0,95266.0,14469.0,28432.0,25904.0,80639.0,9375.0,27285.0,29763.0,-370.0,292882.0,272726.0
Quebec_2001,437499.0,1237983.0,-1.0,-1.0,-1.0,72683.0,56.0,7396456.0,58.8,19374.0,10187.0,49893.0,76801.0,4704.0,68846.0,9521.0,9161.0,6573.0,15544.0,257.0,10413.0,-2094.0,166.0,89415.0,14813.0,31107.0,25865.0,74789.0,9060.0,28547.0,29253.0,-706.0,297992.0,280752.0
Quebec_2002,439857.0,1244688.0,-1.0,-1.0,93084.0,71468.0,41.0,7441656.0,58.3,21194.0,10684.0,51093.0,78826.0,5287.0,70122.0,9664.0,8813.0,6564.0,19203.0,314.0,11064.0,-1785.0,17.0,88514.0,15076.0,31413.0,26087.0,75051.0,9600.0,31427.0,28682.0,-395.0,306269.0,291779.0
Quebec_2003,446328.0,1244943.0,-1.0,-1.0,93360.0,72797.0,41.0,7485753.0,57.9,22140.0,11170.0,51917.0,80977.0,5221.0,72652.0,10343.0,9348.0,6700.0,20868.0,286.0,11364.0,-275.0,250.0,83313.0,15116.0,32525.0,26729.0,77431.0,10164.0,32561.0,29522.0,-124.0,309948.0,301999.0
Quebec_2004,450885.0,1240818.0,-1.0,-1.0,93201.0,73005.0,28.0,7535590.0,57.6,22421.0,11657.0,52487.0,83919.0,5102.0,73295.0,11337.0,10681.0,6556.0,23855.0,177.0,12426.0,1328.0,160.0,87401.0,14897.0,31305.0,26972.0,83237.0,10529.0,31887.0,31303.0,-587.0,317700.0,313041.0
Quebec_2005,452574.0,1232664.0,-1.0,-1.0,93270.0,75201.0,30.0,7581476.0,57.5,22705.0,12145.0,52664.0,87500.0,5324.0,73246.0,10284.0,11120.0,6787.0,23690.0,389.0,13649.0,3188.0,-36.0,90479.0,14561.0,30833.0,28627.0,89777.0,10953.0,30772.0,32326.0,-587.0,322404.0,319040.0
Quebec_2006,451404.0,1062324.0,-1.0,-1.0,96132.0,80828.0,25.0,7631966.0,57.6,23607.0,12773.0,53368.0,90331.0,5442.0,74699.0,10917.0,12128.0,6873.0,23674.0,388.0,13282.0,1831.0,-136.0,90521.0,15490.0,31316.0,29940.0,93029.0,12005.0,30659.0,33561.0,-545.0,326298.0,327400.0
Quebec_2007,454776.0,1046118.0,129204.0,147.0,96222.0,83176.0,26.0,7692916.0,58.1,24749.0,13479.0,55138.0,93922.0,5276.0,76425.0,11868.0,12837.0,7249.0,25041.0,304.0,14210.0,1354.0,65.0,89575.0,15415.0,35731.0,29287.0,98860.0,12691.0,33049.0,32736.0,16.0,334273.0,340490.0
Quebec_2008,463641.0,1188903.0,130803.0,789.0,96144.0,87594.0,36.0,7761725.0,58.6,26918.0,14330.0,55769.0,96088.0,5760.0,77176.0,11790.0,13090.0,7611.0,24152.0,408.0,16314.0,2083.0,-140.0,86866.0,15041.0,32688.0,30095.0,100085.0,12515.0,30074.0,32556.0,-57.0,340867.0,349685.0
Quebec_2009,471396.0,1187610.0,131148.0,939.0,96930.0,88041.0,33.0,7843383.0,59.0,26795.0,14560.0,56472.0,96774.0,5548.0,80210.0,11821.0,10033.0,6884.0,23548.0,423.0,18012.0,-1554.0,-107.0,76834.0,16212.0,34970.0,30046.0,92938.0,14068.0,27775.0,34108.0,-109.0,338180.0,350820.0
Quebec_2010,486285.0,1189632.0,131796.0,1011.0,97032.0,87015.0,30.0,7929222.0,59.2,28378.0,15619.0,57068.0,101018.0,5475.0,81757.0,11369.0,10999.0,7260.0,25874.0,468.0,17968.0,90.0,45.0,75053.0,16450.0,36358.0,30518.0,99373.0,15965.0,26776.0,34547.0,-252.0,344934.0,363224.0
Quebec_2011,500988.0,1179801.0,132312.0,1056.0,97149.0,87098.0,27.0,8005090.0,59.5,28435.0,15837.0,57759.0,103793.0,5807.0,82355.0,13318.0,11455.0,7761.0,25910.0,447.0,17752.0,1897.0,105.0,72687.0,16801.0,36869.0,31439.0,100569.0,16290.0,27833.0,34204.0,-152.0,351401.0,370612.0
Quebec_2012,510834.0,1172142.0,131826.0,1038.0,97617.0,87320.0,18.0,8061101.0,60.0,28358.0,16005.0,57624.0,105989.0,5844.0,82994.0,16329.0,11953.0,7459.0,26099.0,500.0,16965.0,1549.0,-75.0,74119.0,17363.0,36955.0,31846.0,103696.0,16735.0,27512.0,34610.0,-240.0,355254.0,376119.0
Quebec_2013,519531.0,1176852.0,130206.0,1116.0,98112.0,87127.0,38.0,8110880.0,60.7,28841.0,16482.0,59086.0,107925.0,5929.0,82476.0,16281.0,11844.0,7420.0,24295.0,455.0,16173.0,4149.0,-14.0,74723.0,18206.0,36182.0,32596.0,103430.0,18032.0,27748.0,33834.0,-53.0,359993.0,377198.0
Quebec_2014,528099.0,1183488.0,129087.0,1179.0,98313.0,86292.0,45.0,8150183.0,61.6,29156.0,16881.0,59845.0,110207.0,5815.0,83889.0,14669.0,9669.0,7678.0,23909.0,471.0,15281.0,-1314.0,-6.0,81643.0,19588.0,34429.0,34428.0,101118.0,17630.0,25422.0,36517.0,96.0,365719.0,377481.0
Quebec_2015,534768.0,1187103.0,127911.0,1275.0,99243.0,85314.0,34.0,8175272.0,62.5,30023.0,17504.0,60349.0,111679.0,5925.0,83374.0,13769.0,9620.0,6810.0,23837.0,416.0,15802.0,245.0,81.0,84444.0,19752.0,35320.0,33981.0,103891.0,18842.0,23352.0,37934.0,-21.0,368982.0,379031.0
Quebec_2016,533106.0,1196667.0,127320.0,1929.0,100812.0,84768.0,42.0,8225950.0,63.6,31340.0,17768.0,61244.0,114008.0,6406.0,85134.0,13605.0,9083.0,7041.0,24744.0,306.0,14319.0,-1019.0,-24.0,84531.0,21337.0,34633.0,33255.0,103858.0,19814.0,22307.0,37241.0,284.0,374899.0,384814.0
Quebec_2017,532176.0,1210680.0,128043.0,2565.0,-1.0,82385.0,32.0,8302063.0,64.6,33026.0,18320.0,62441.0,118306.0,6346.0,86928.0,13208.0,10911.0,8378.0,26575.0,320.0,16032.0,5518.0,157.0,85808.0,21562.0,34304.0,34930.0,113816.0,20012.0,24004.0,39243.0,-175.0,385620.0,400741.0
Quebec_2018,534054.0,1216800.0,129195.0,3303.0,-1.0,82367.0,52.0,8401738.0,65.7,34395.0,18985.0,63663.0,121355.0,6662.0,88596.0,13489.0,11669.0,8819.0,27575.0,336.0,17416.0,5020.0,-15.0,89313.0,23195.0,34461.0,35995.0,116657.0,21079.0,26387.0,39543.0,84.0,396918.0,412940.0
Quebec_2019,530367.0,1231068.0,131910.0,4149.0,-1.0,82871.0,51.0,8503483.0,66.8,34989.0,19343.0,65084.0,123259.0,6712.0,90768.0,14582.0,11965.0,9402.0,28559.0,323.0,17166.0,3161.0,-3.0,88079.0,25843.0,35983.0,37836.0,116699.0,20817.0,26635.0,40377.0,158.0,408168.0,422170.0
Quebec_2020,529743.0,1234263.0,134331.0,4308.0,-1.0,80498.0,22.0,8578300.0,68.1,32922.0,18784.0,66838.0,110678.0,6865.0,92612.0,14665.0,10163.0,9410.0,29367.0,322.0,17250.0,-6577.0,-3.0,80834.0,23091.0,34557.0,34635.0,106330.0,17361.0,25801.0,39112.0,-21.0,387848.0,410085.0
Quebec_2021,539385.0,1234032.0,136521.0,10197.0,-1.0,83335.0,6.0,8604495.0,69.4,36021.0,20941.0,67519.0,117065.0,6973.0,99351.0,14448.0,12225.0,10080.0,33158.0,365.0,16647.0,-1504.0,124.0,83157.0,22670.0,34774.0,37599.0,117954.0,16937.0,25816.0,41019.0,-94.0,411001.0,435360.0
Saskatchewan_1991,-1.0,-1.0,-1.0,-1.0,-1.0,15276.0,8.0,-1.0,-1.0,1444.0,959.0,5984.0,10281.0,438.0,10825.0,3363.0,1284.0,223.0,1107.0,34.0,1171.0,-235.0,772.0,14579.0,422.0,5369.0,3261.0,3313.0,679.0,5194.0,6359.0,339.0,50010.0,36407.0
Saskatchewan_1992,-1.0,-1.0,-1.0,-1.0,-1.0,14951.0,4.0,-1.0,-1.0,1432.0,981.0,5978.0,10337.0,458.0,10300.0,2660.0,1196.0,241.0,1192.0,37.0,1069.0,-233.0,-957.0,15922.0,523.0,6123.0,3479.0,3567.0,729.0,5031.0,6590.0,18.0,47799.0,35263.0
Saskatchewan_1993,37149.0,-1.0,-1.0,-1.0,-1.0,14240.0,7.0,-1.0,-1.0,1456.0,1014.0,6150.0,10439.0,486.0,10418.0,2706.0,1031.0,391.0,1182.0,37.0,1208.0,61.0,1109.0,16660.0,621.0,6102.0,3120.0,3889.0,800.0,4786.0,6667.0,-143.0,50849.0,35759.0
Saskatchewan_1994,36351.0,-1.0,-1.0,-1.0,-1.0,13986.0,7.0,-1.0,-1.0,1552.0,1044.0,6242.0,10782.0,356.0,10068.0,3231.0,1018.0,473.0,1303.0,37.0,1222.0,39.0,76.0,20148.0,733.0,7209.0,2843.0,4447.0,859.0,5393.0,6699.0,449.0,52840.0,36570.0
Saskatchewan_1995,35184.0,-1.0,-1.0,-1.0,-1.0,13509.0,8.0,-1.0,-1.0,1594.0,1115.0,6242.0,11079.0,409.0,10161.0,3194.0,1278.0,532.0,1386.0,37.0,975.0,356.0,380.0,19847.0,694.0,6957.0,3096.0,4893.0,889.0,5440.0,6913.0,287.0,53426.0,37503.0
Saskatchewan_1996,34983.0,-1.0,-1.0,-1.0,-1.0,13308.0,2.0,-1.0,-1.0,1721.0,1125.0,6277.0,11366.0,466.0,10128.0,3823.0,1365.0,640.0,1631.0,41.0,1047.0,3.0,1122.0,21409.0,789.0,7462.0,2829.0,5106.0,935.0,6431.0,7284.0,287.0,55034.0,39092.0
Saskatchewan_1997,34263.0,-1.0,-1.0,-1.0,-1.0,12810.0,2.0,-1.0,-1.0,1958.0,1153.0,6340.0,11687.0,478.0,9956.0,5050.0,2024.0,925.0,1738.0,42.0,1165.0,922.0,-815.0,24780.0,883.0,7822.0,2451.0,6443.0,1148.0,6264.0,8400.0,155.0,57399.0,42470.0
Saskatchewan_1998,34578.0,196014.0,-1.0,-1.0,-1.0,12790.0,4.0,-1.0,-1.0,1882.0,1193.0,6415.0,11930.0,507.0,10315.0,4085.0,1793.0,770.0,1818.0,23.0,1250.0,324.0,36.0,25042.0,1033.0,9606.0,2866.0,6373.0,1137.0,5723.0,8458.0,12.0,59879.0,41772.0
Saskatchewan_1999,34107.0,194796.0,-1.0,-1.0,-1.0,12564.0,4.0,-1.0,-1.0,1904.0,1216.0,6508.0,12131.0,578.0,10389.0,4070.0,1846.0,764.0,1799.0,37.0,1345.0,157.0,792.0,24604.0,1031.0,9821.0,3216.0,6781.0,1127.0,5705.0,8969.0,-104.0,59943.0,42421.0
Saskatchewan_2000,34500.0,192885.0,-1.0,-1.0,-1.0,12114.0,4.0,-1.0,-1.0,2050.0,1260.0,6546.0,12416.0,567.0,10623.0,4418.0,1654.0,759.0,1800.0,42.0,1348.0,-31.0,573.0,26920.0,959.0,9987.0,3403.0,6946.0,1127.0,5906.0,9520.0,-63.0,61503.0,43190.0
Saskatchewan_2001,35904.0,186588.0,-1.0,-1.0,-1.0,12253.0,7.0,1000239.0,77.8,2119.0,1298.0,6558.0,12552.0,552.0,10850.0,4183.0,1619.0,695.0,1835.0,45.0,1648.0,172.0,-1449.0,26439.0,860.0,11274.0,3266.0,6709.0,1065.0,6726.0,9342.0,92.0,60993.0,43677.0
Saskatchewan_2002,36330.0,183024.0,-1.0,-1.0,12348.0,11748.0,2.0,996807.0,76.8,2270.0,1355.0,6683.0,12813.0,604.0,11062.0,3774.0,1532.0,592.0,2008.0,57.0,1601.0,310.0,-1032.0,25355.0,939.0,10798.0,3289.0,6927.0,1052.0,6465.0,9525.0,92.0,60789.0,44094.0
Saskatchewan_2003,38244.0,184605.0,-1.0,-1.0,12378.0,12122.0,6.0,996386.0,75.5,2418.0,1392.0,6761.0,13035.0,589.0,11224.0,3789.0,1755.0,885.0,2184.0,49.0,1480.0,538.0,1571.0,24493.0,891.0,11069.0,3415.0,7269.0,1196.0,7021.0,9583.0,130.0,63564.0,45425.0
Saskatchewan_2004,38706.0,182127.0,-1.0,-1.0,12261.0,12074.0,4.0,997283.0,74.1,2446.0,1431.0,6789.0,13328.0,555.0,11306.0,3684.0,1762.0,943.0,2378.0,31.0,1532.0,452.0,1182.0,26587.0,859.0,12576.0,3704.0,7866.0,1193.0,6766.0,10067.0,228.0,66605.0,46026.0
Saskatchewan_2005,37032.0,178710.0,-1.0,-1.0,12171.0,12109.0,2.0,993500.0,73.1,2591.0,1509.0,6922.0,13631.0,561.0,11390.0,4578.0,2061.0,1084.0,2522.0,76.0,1681.0,760.0,1946.0,26868.0,944.0,12035.0,3811.0,8910.0,1293.0,6359.0,10752.0,-47.0,68360.0,48443.0
Saskatchewan_2006,40965.0,175587.0,-1.0,-1.0,12444.0,12424.0,3.0,992314.0,72.3,2776.0,1641.0,7020.0,14076.0,567.0,11642.0,5071.0,2584.0,1054.0,2699.0,90.0,1768.0,1108.0,-1297.0,26348.0,969.0,12657.0,4125.0,9697.0,1429.0,6944.0,11494.0,50.0,67347.0,50934.0
Saskatchewan_2007,45120.0,166497.0,2004.0,1212.0,12252.0,13446.0,0.0,1002086.0,71.4,3196.0,1803.0,7274.0,14781.0,558.0,12047.0,4928.0,2999.0,1419.0,3075.0,64.0,1722.0,1151.0,-968.0,28385.0,843.0,12796.0,4541.0,10901.0,1782.0,8136.0,11389.0,9.0,69855.0,53945.0
Saskatchewan_2008,52053.0,167064.0,2334.0,1791.0,11694.0,13964.0,5.0,1017404.0,70.3,3654.0,1952.0,7559.0,15390.0,586.0,12519.0,6223.0,3165.0,1778.0,3157.0,89.0,2269.0,123.0,1803.0,29007.0,951.0,12967.0,4909.0,13070.0,2159.0,7970.0,12315.0,-29.0,73518.0,58426.0
Saskatchewan_2009,51522.0,164763.0,3975.0,1788.0,11904.0,14526.0,9.0,1034819.0,69.0,3631.0,1964.0,7747.0,15705.0,610.0,12902.0,7493.0,2855.0,1260.0,2886.0,72.0,2103.0,-932.0,796.0,27527.0,970.0,12376.0,5076.0,12076.0,1987.0,9431.0,12350.0,10.0,69597.0,59204.0
Saskatchewan_2010,51327.0,166002.0,3891.0,1917.0,12099.0,14532.0,6.0,1051443.0,67.9,3736.0,2002.0,7866.0,16358.0,616.0,13294.0,9050.0,3480.0,1178.0,3166.0,63.0,2499.0,-88.0,-1369.0,30187.0,1073.0,12598.0,5311.0,13714.0,2137.0,10271.0,12912.0,-92.0,72851.0,63290.0
Saskatchewan_2011,51450.0,165573.0,3555.0,1950.0,12426.0,14560.0,4.0,1066026.0,67.0,4007.0,2101.0,8017.0,16751.0,651.0,13343.0,9605.0,4220.0,1280.0,3726.0,64.0,2424.0,339.0,-380.0,32871.0,1060.0,12486.0,6016.0,15816.0,2157.0,11036.0,13539.0,-78.0,76697.0,66192.0
Saskatchewan_2012,52356.0,166863.0,3693.0,1995.0,12564.0,15034.0,8.0,1083755.0,66.8,4375.0,2267.0,8175.0,17244.0,658.0,13339.0,10357.0,4757.0,1452.0,4336.0,76.0,2286.0,-188.0,29.0,34306.0,1106.0,11594.0,6026.0,16255.0,2226.0,11737.0,13905.0,-85.0,78007.0,69322.0
Saskatchewan_2013,52890.0,169728.0,4368.0,1989.0,12726.0,15005.0,6.0,1099736.0,66.6,4637.0,2397.0,8445.0,17779.0,693.0,13109.0,11284.0,5649.0,1442.0,4413.0,97.0,2212.0,65.0,2451.0,32515.0,1145.0,11415.0,6642.0,16692.0,2513.0,10727.0,14479.0,50.0,83111.0,72145.0
Saskatchewan_2014,52869.0,171987.0,4395.0,2097.0,13044.0,15765.0,5.0,1112979.0,66.7,4648.0,2461.0,8610.0,18371.0,718.0,13085.0,12477.0,5460.0,1358.0,4354.0,118.0,2266.0,95.0,-395.0,34611.0,1273.0,12146.0,7070.0,16666.0,2678.0,10038.0,15856.0,-50.0,84786.0,73923.0
Saskatchewan_2015,54240.0,174747.0,4638.0,2163.0,12894.0,15493.0,4.0,1120967.0,67.3,4545.0,2482.0,8535.0,18751.0,764.0,13450.0,9318.0,5051.0,1036.0,3840.0,94.0,2751.0,-62.0,-205.0,36701.0,1367.0,11054.0,6975.0,15364.0,2533.0,11158.0,14422.0,-84.0,84072.0,70627.0
Saskatchewan_2016,56238.0,177081.0,4572.0,2238.0,12918.0,15722.0,1.0,1135987.0,68.0,4458.0,2446.0,8605.0,19082.0,828.0,13551.0,8123.0,3653.0,863.0,3467.0,66.0,3086.0,581.0,534.0,35276.0,1452.0,10320.0,6836.0,13458.0,2465.0,11098.0,13916.0,141.0,84006.0,68174.0
Saskatchewan_2017,55602.0,180651.0,4521.0,2364.0,-1.0,15598.0,8.0,1150331.0,68.7,4612.0,2442.0,8780.0,19508.0,831.0,13899.0,8342.0,4338.0,868.0,3437.0,64.0,2979.0,104.0,216.0,37578.0,1492.0,10667.0,6871.0,14418.0,2379.0,10751.0,14517.0,57.0,86180.0,70083.0
Saskatchewan_2018,56529.0,182655.0,4857.0,2484.0,-1.0,15405.0,2.0,1161767.0,69.7,4552.0,2445.0,8974.0,19901.0,852.0,14343.0,8403.0,4059.0,1077.0,3203.0,59.0,2788.0,429.0,115.0,38363.0,1576.0,11189.0,6882.0,14696.0,2501.0,10754.0,14663.0,-15.0,87728.0,70642.0
Saskatchewan_2019,59301.0,183972.0,5412.0,2607.0,-1.0,14670.0,4.0,1172479.0,70.7,4593.0,2444.0,9104.0,20051.0,882.0,14531.0,8001.0,3671.0,1098.0,2820.0,51.0,2162.0,789.0,546.0,37888.0,1761.0,11042.0,6826.0,13837.0,2479.0,11113.0,14731.0,-28.0,87379.0,69381.0
Saskatchewan_2020,56784.0,186066.0,5523.0,2778.0,-1.0,14166.0,3.0,1179300.0,71.9,4374.0,2278.0,9229.0,18059.0,898.0,14606.0,5985.0,3185.0,903.0,2954.0,47.0,2260.0,274.0,-1366.0,38854.0,1620.0,10301.0,6326.0,13005.0,1716.0,9914.0,13643.0,14.0,83208.0,64757.0
Saskatchewan_2021,53085.0,181506.0,5871.0,4662.0,-1.0,14509.0,0.0,1179844.0,72.9,4717.0,2749.0,9431.0,18903.0,938.0,15448.0,5394.0,3714.0,1023.0,3566.0,50.0,2314.0,2139.0,-3993.0,36087.0,1701.0,11199.0,6847.0,14007.0,2099.0,10432.0,13746.0,-36.0,82494.0,68231.0
Yukon_1991,-1.0,-1.0,-1.0,-1.0,-1.0,573.0,8.0,-1.0,-1.0,49.0,33.0,267.0,280.0,11.0,724.0,104.0,42.0,25.0,126.0,0.0,145.0,29.0,0.0,106.0,70.0,32.0,135.0,150.0,23.0,268.0,536.0,-13.0,1448.0,1775.0
Yukon_1992,-1.0,-1.0,-1.0,-1.0,-1.0,517.0,13.0,-1.0,-1.0,52.0,36.0,271.0,289.0,14.0,854.0,93.0,20.0,15.0,171.0,0.0,156.0,-7.0,0.0,153.0,128.0,77.0,136.0,156.0,32.0,360.0,441.0,-45.0,1731.0,1895.0
Yukon_1993,1455.0,-1.0,-1.0,-1.0,-1.0,498.0,15.0,-1.0,-1.0,54.0,37.0,269.0,295.0,16.0,820.0,34.0,14.0,29.0,105.0,0.0,142.0,46.0,0.0,61.0,110.0,58.0,171.0,210.0,76.0,279.0,397.0,6.0,1385.0,1759.0
Yukon_1994,1899.0,-1.0,-1.0,-1.0,-1.0,437.0,11.0,-1.0,-1.0,56.0,39.0,263.0,299.0,15.0,807.0,17.0,19.0,35.0,91.0,0.0,199.0,42.0,0.0,32.0,114.0,58.0,154.0,136.0,43.0,319.0,362.0,3.0,1384.0,1796.0
Yukon_1995,2253.0,-1.0,-1.0,-1.0,-1.0,457.0,4.0,-1.0,-1.0,59.0,41.0,272.0,304.0,17.0,855.0,93.0,32.0,47.0,103.0,0.0,224.0,25.0,0.0,52.0,116.0,58.0,142.0,172.0,44.0,320.0,381.0,4.0,1575.0,1999.0
Yukon_1996,1398.0,-1.0,-1.0,-1.0,-1.0,429.0,3.0,-1.0,-1.0,60.0,41.0,260.0,314.0,17.0,884.0,45.0,19.0,48.0,112.0,0.0,151.0,60.0,0.0,108.0,111.0,74.0,126.0,162.0,28.0,336.0,399.0,-1.0,1741.0,1897.0
Yukon_1997,1329.0,-1.0,-1.0,-1.0,-1.0,468.0,13.0,-1.0,-1.0,63.0,42.0,254.0,336.0,17.0,955.0,77.0,21.0,34.0,108.0,0.0,114.0,20.0,0.0,61.0,127.0,73.0,126.0,158.0,40.0,303.0,354.0,-12.0,1620.0,1963.0
Yukon_1998,1464.0,6333.0,-1.0,-1.0,-1.0,395.0,4.0,-1.0,-1.0,65.0,44.0,258.0,344.0,22.0,1022.0,42.0,39.0,21.0,97.0,0.0,102.0,-10.0,0.0,46.0,118.0,92.0,141.0,188.0,37.0,270.0,374.0,-29.0,1544.0,2014.0
Yukon_1999,1656.0,6102.0,-1.0,-1.0,-1.0,376.0,6.0,-1.0,-1.0,69.0,45.0,262.0,350.0,27.0,1014.0,48.0,71.0,15.0,90.0,0.0,125.0,-23.0,0.0,41.0,122.0,80.0,111.0,220.0,40.0,300.0,365.0,4.0,1537.0,2115.0
Yukon_2000,1491.0,5973.0,-1.0,-1.0,-1.0,370.0,7.0,-1.0,-1.0,74.0,47.0,258.0,380.0,27.0,1024.0,37.0,43.0,18.0,98.0,0.0,130.0,8.0,0.0,39.0,114.0,90.0,117.0,224.0,45.0,264.0,367.0,-10.0,1589.0,2114.0
Yukon_2001,1428.0,5763.0,-1.0,-1.0,-1.0,343.0,6.0,30158.0,52.6,78.0,48.0,261.0,390.0,26.0,990.0,45.0,49.0,23.0,107.0,0.0,165.0,3.0,0.0,27.0,129.0,132.0,130.0,224.0,39.0,261.0,378.0,-1.0,1662.0,2166.0
Yukon_2002,1554.0,5607.0,-1.0,-1.0,492.0,341.0,8.0,30336.0,51.4,88.0,51.0,265.0,398.0,30.0,1069.0,40.0,55.0,22.0,122.0,1.0,149.0,-14.0,0.0,25.0,117.0,86.0,132.0,236.0,42.0,260.0,405.0,-4.0,1643.0,2278.0
Yukon_2003,1482.0,5610.0,-1.0,-1.0,489.0,326.0,8.0,30941.0,50.6,93.0,51.0,272.0,431.0,33.0,1053.0,25.0,64.0,26.0,139.0,0.0,145.0,-39.0,0.0,20.0,128.0,59.0,134.0,240.0,47.0,280.0,402.0,17.0,1625.0,2330.0
Yukon_2004,1419.0,5520.0,-1.0,-1.0,495.0,371.0,9.0,31455.0,49.6,100.0,53.0,263.0,456.0,34.0,1089.0,69.0,57.0,36.0,169.0,0.0,199.0,-53.0,0.0,31.0,108.0,45.0,147.0,278.0,54.0,305.0,416.0,8.0,1707.0,2509.0
Yukon_2005,1491.0,5460.0,-1.0,-1.0,495.0,313.0,2.0,31902.0,49.1,101.0,56.0,260.0,482.0,34.0,1165.0,92.0,74.0,88.0,174.0,1.0,228.0,-84.0,0.0,28.0,99.0,46.0,181.0,326.0,61.0,319.0,508.0,12.0,1744.0,2740.0
Yukon_2006,2634.0,5334.0,-1.0,-1.0,510.0,369.0,1.0,32272.0,48.5,108.0,59.0,273.0,509.0,36.0,1094.0,222.0,97.0,17.0,168.0,1.0,230.0,-9.0,0.0,26.0,84.0,39.0,232.0,341.0,63.0,367.0,490.0,-19.0,1826.0,2797.0
Yukon_2007,1029.0,5229.0,0.0,0.0,516.0,356.0,2.0,32554.0,47.7,117.0,63.0,280.0,541.0,35.0,1132.0,137.0,66.0,193.0,158.0,2.0,190.0,-30.0,0.0,55.0,93.0,25.0,260.0,357.0,59.0,390.0,527.0,1.0,1919.0,2904.0
Yukon_2008,999.0,5229.0,-1.0,-1.0,552.0,361.0,0.0,33083.0,47.1,125.0,65.0,284.0,571.0,38.0,1178.0,98.0,81.0,156.0,166.0,2.0,172.0,-29.0,0.0,189.0,92.0,19.0,267.0,382.0,64.0,368.0,518.0,0.0,2113.0,2931.0
Yukon_2009,894.0,5004.0,-1.0,-1.0,570.0,375.0,0.0,33731.0,47.6,120.0,66.0,287.0,597.0,37.0,1264.0,119.0,75.0,99.0,162.0,3.0,234.0,17.0,0.0,224.0,75.0,84.0,203.0,373.0,63.0,346.0,614.0,9.0,2253.0,3055.0
Yukon_2010,1041.0,5010.0,-1.0,-1.0,513.0,370.0,1.0,34596.0,47.3,126.0,71.0,292.0,638.0,38.0,1328.0,296.0,106.0,171.0,192.0,8.0,194.0,32.0,0.0,206.0,83.0,75.0,214.0,404.0,79.0,405.0,810.0,-4.0,2343.0,3458.0
Yukon_2011,1182.0,5085.0,-1.0,63.0,546.0,419.0,1.0,35411.0,46.8,134.0,69.0,306.0,670.0,43.0,1331.0,256.0,99.0,342.0,186.0,11.0,265.0,9.0,0.0,189.0,84.0,107.0,250.0,377.0,77.0,422.0,982.0,-4.0,2460.0,3715.0
Yukon_2012,4062.0,5037.0,-1.0,96.0,879.0,427.0,0.0,36234.0,47.2,144.0,69.0,315.0,697.0,42.0,1324.0,130.0,116.0,278.0,187.0,14.0,223.0,36.0,0.0,228.0,98.0,191.0,270.0,352.0,87.0,454.0,904.0,-7.0,2558.0,3539.0
Yukon_2013,3681.0,5049.0,-1.0,102.0,903.0,393.0,0.0,36521.0,47.4,137.0,67.0,308.0,719.0,50.0,1379.0,89.0,212.0,154.0,142.0,2.0,253.0,21.0,0.0,277.0,98.0,116.0,320.0,480.0,89.0,371.0,786.0,1.0,2595.0,3514.0
Yukon_2014,3834.0,5139.0,-1.0,153.0,945.0,385.0,0.0,37137.0,47.9,133.0,68.0,306.0,739.0,47.0,1409.0,114.0,102.0,135.0,131.0,2.0,269.0,40.0,0.0,309.0,91.0,86.0,317.0,402.0,81.0,309.0,879.0,5.0,2614.0,3459.0
Yukon_2015,3993.0,5184.0,-1.0,147.0,873.0,416.0,0.0,37690.0,48.6,133.0,67.0,317.0,754.0,46.0,1434.0,111.0,102.0,95.0,137.0,2.0,201.0,-6.0,0.0,207.0,78.0,63.0,286.0,440.0,86.0,253.0,825.0,2.0,2409.0,3403.0
Yukon_2016,3612.0,5199.0,-1.0,135.0,879.0,416.0,1.0,38547.0,49.5,138.0,67.0,320.0,776.0,53.0,1464.0,77.0,95.0,96.0,162.0,1.0,200.0,3.0,0.0,296.0,74.0,93.0,329.0,484.0,88.0,250.0,801.0,3.0,2588.0,3453.0
Yukon_2017,3549.0,5343.0,-1.0,153.0,-1.0,0.0,0.0,39610.0,50.3,147.0,68.0,329.0,803.0,52.0,1442.0,104.0,82.0,163.0,161.0,1.0,217.0,7.0,0.0,167.0,77.0,106.0,360.0,465.0,85.0,244.0,848.0,0.0,2634.0,3573.0
Yukon_2018,3534.0,5391.0,-1.0,165.0,-1.0,0.0,0.0,40519.0,51.0,143.0,70.0,328.0,816.0,55.0,1527.0,313.0,196.0,170.0,147.0,2.0,221.0,3.0,0.0,113.0,78.0,99.0,287.0,523.0,84.0,296.0,976.0,-3.0,2702.0,3998.0
Yukon_2019,4071.0,5448.0,-1.0,171.0,-1.0,0.0,0.0,41362.0,52.2,150.0,74.0,333.0,833.0,51.0,1510.0,204.0,104.0,167.0,161.0,1.0,269.0,10.0,-1.0,45.0,80.0,113.0,316.0,448.0,87.0,264.0,977.0,-2.0,2667.0,3863.0
Yukon_2020,4803.0,5637.0,-1.0,186.0,-1.0,0.0,0.0,42174.0,53.8,156.0,78.0,341.0,786.0,55.0,1547.0,110.0,54.0,94.0,165.0,2.0,262.0,32.0,-1.0,176.0,32.0,209.0,285.0,464.0,68.0,285.0,813.0,1.0,2769.0,3653.0
Yukon_2021,2307.0,5721.0,-1.0,222.0,-1.0,-1.0,-1.0,42986.0,54.7,160.0,82.0,342.0,826.0,58.0,1646.0,110.0,61.0,125.0,205.0,5.0,322.0,-63.0,-1.0,223.0,31.0,260.0,301.0,460.0,76.0,269.0,890.0,2.0,3045.0,3950.0
